time,ax,ay,az,atotal
0.0076138973236083984,0.18,-0.14,0.06,0.23
0.01679396629333496,0.22,-0.16,0.07,0.28
0.030504941940307617,0.21,-0.09,0.01,0.22
0.037164926528930664,0.0,0.01,-0.09,0.09
0.048377037048339844,-0.15,0.14,-0.03,0.2
0.05728411674499512,-0.19,0.09,-0.01,0.21
0.06670212745666504,-0.22,0.01,-0.16,0.27
0.08053898811340332,-0.35,0.05,-0.19,0.4
0.08673214912414551,-0.23,0.02,-0.01,0.23
0.09836506843566895,-0.03,-0.06,0.09,0.11
0.10756802558898926,0.07,-0.05,-0.02,0.08
0.11678910255432129,0.22,-0.02,0.03,0.22
0.13060307502746582,0.12,-0.03,0.0,0.12
0.13714194297790527,0.24,-0.04,-0.03,0.24
0.14847803115844727,0.05,-0.01,-0.04,0.06
0.157271146774292,-0.04,0.02,-0.1,0.1
0.16663908958435059,0.0,0.04,-0.1,0.1
0.18061518669128418,-0.04,0.0,-0.07,0.08
0.18668293952941895,-0.14,0.05,-0.1,0.17
0.1985180377960205,-0.12,0.09,-0.05,0.15
0.20760607719421387,0.0,0.0,-0.01,0.01
0.2169179916381836,-0.02,0.01,0.02,0.03
0.2306070327758789,0.03,0.02,0.13,0.13
0.23712897300720215,0.16,-0.03,0.04,0.16
0.24851393699645996,0.05,-0.02,0.03,0.06
0.25716090202331543,0.06,-0.04,0.03,0.07
0.26676201820373535,-0.04,0.0,-0.01,0.04
0.28075194358825684,-0.1,0.06,-0.04,0.12
0.28664517402648926,0.02,0.03,-0.06,0.06
0.2985200881958008,-0.1,0.05,-0.12,0.16
0.3076159954071045,-0.11,0.04,0.03,0.12
0.3168830871582031,0.05,-0.12,0.17,0.21
0.3306710720062256,0.09,-0.1,0.02,0.13
0.33721399307250977,0.08,-0.05,0.03,0.09
0.34843897819519043,0.06,-0.05,0.04,0.08
0.3574090003967285,0.05,-0.02,0.13,0.14
0.3668529987335205,-0.03,0.06,0.01,0.06
0.3806779384613037,-0.11,0.03,-0.08,0.13
0.386760950088501,-0.03,0.01,-0.12,0.12
0.39864611625671387,-0.09,0.05,-0.14,0.17
0.40778207778930664,-0.04,0.0,-0.11,0.11
0.4169650077819824,0.0,-0.05,-0.16,0.16
0.4307100772857666,-0.05,-0.01,0.03,0.05
0.4371910095214844,0.08,-0.07,0.03,0.11
0.4485950469970703,0.09,-0.02,-0.02,0.09
0.457531213760376,0.15,0.06,0.11,0.19
0.4670400619506836,0.24,0.04,0.13,0.27
0.48079800605773926,0.26,-0.01,0.15,0.3
0.48685717582702637,0.23,-0.03,0.13,0.26
0.4987161159515381,0.16,-0.04,0.05,0.17
0.5078608989715576,0.0,0.03,-0.13,0.13
0.5169961452484131,-0.14,0.11,-0.19,0.26
0.530803918838501,-0.16,0.05,-0.17,0.23
0.5373220443725586,-0.19,0.0,-0.2,0.27
0.5487239360809326,-0.22,-0.02,-0.06,0.22
0.5575201511383057,-0.06,0.06,0.02,0.08
0.5668840408325195,0.0,-0.02,0.07,0.07
0.5808830261230469,0.14,-0.04,0.07,0.16
0.5868620872497559,0.03,-0.03,0.2,0.2
0.5987241268157959,0.08,0.01,0.14,0.16
0.6077558994293213,0.08,-0.05,-0.04,0.1
0.6169390678405762,0.05,-0.04,0.0,0.06
0.6310269832611084,0.07,0.0,0.0,0.07
0.6375670433044434,0.01,-0.01,-0.12,0.12
0.6488139629364014,-0.13,-0.03,-0.09,0.16
0.6575791835784912,-0.09,0.0,-0.08,0.12
0.666888952255249,-0.03,0.07,-0.11,0.13
0.6810281276702881,0.01,0.01,-0.1,0.1
0.6868870258331299,0.06,-0.08,0.08,0.12
0.698742151260376,0.08,-0.02,0.09,0.12
0.7080140113830566,0.07,0.04,0.02,0.08
0.7171640396118164,0.05,-0.02,0.1,0.11
0.7308130264282227,0.05,0.04,0.05,0.08
0.7374651432037354,-0.01,0.13,0.03,0.13
0.7489030361175537,-0.03,0.03,0.02,0.04
0.7576520442962646,-0.1,-0.05,-0.01,0.11
0.7669939994812012,-0.14,0.01,-0.16,0.21
0.781141996383667,-0.11,0.02,-0.16,0.19
0.7870161533355713,-0.08,-0.06,-0.06,0.11
0.7991011142730713,0.0,-0.1,-0.05,0.11
0.8079931735992432,0.0,0.03,-0.02,0.03
0.8172008991241455,-0.04,0.11,0.06,0.13
0.8309400081634521,0.05,0.06,0.07,0.1
0.8374741077423096,0.09,0.05,0.0,0.1
0.8488950729370117,0.16,0.06,0.03,0.17
0.8577179908752441,0.2,-0.04,0.08,0.21
0.8670620918273926,0.22,-0.01,-0.05,0.22
0.8812160491943359,0.1,0.04,-0.09,0.14
0.8870000839233398,-0.1,0.04,-0.11,0.15
0.898921012878418,-0.22,0.29,-0.13,0.38
0.9079070091247559,-0.1,0.37,-0.05,0.38
0.917194128036499,-0.03,0.05,-0.01,0.05
0.9309420585632324,-0.05,-0.18,-0.05,0.19
0.9375979900360107,-0.07,-0.26,0.09,0.28
0.9489290714263916,-0.08,-0.08,0.22,0.24
0.9576981067657471,-0.06,0.01,0.09,0.1
0.9670631885528564,-0.15,0.1,0.06,0.19
0.9811170101165771,-0.14,0.46,-0.02,0.48
0.9869580268859863,0.05,0.8,-0.01,0.8
0.9990160465240479,0.18,0.64,-0.07,0.66
1.0081241130828857,0.09,0.35,0.09,0.37
1.0171821117401123,0.03,0.43,0.11,0.44
1.0312650203704834,-0.14,0.49,0.09,0.51
1.0376389026641846,-1.03,1.21,0.39,1.63
1.049004077911377,-1.84,2.48,-0.2,3.09
1.0578200817108154,-0.08,0.66,-0.15,0.68
1.0671470165252686,0.3,-0.75,0.16,0.82
1.0811231136322021,0.31,-1.09,-0.4,1.2
1.0871860980987549,0.48,-0.68,0.33,0.89
1.0990350246429443,-0.89,1.03,0.19,1.37
1.108246088027954,-0.53,0.77,-0.6,1.11
1.1171259880065918,0.12,-0.36,0.7,0.79
1.131343126296997,-0.17,-0.47,-0.38,0.62
1.1377840042114258,-1.22,0.63,0.3,1.4
1.149224042892456,-1.05,0.78,-0.31,1.34
1.1579501628875732,0.0,-0.5,0.19,0.53
1.167046070098877,-0.22,-0.82,-0.29,0.89
1.1811249256134033,-1.13,0.52,0.06,1.24
1.1872808933258057,-0.79,0.49,-0.36,0.99
1.199092149734497,0.39,-1.02,0.36,1.14
1.208298921585083,-0.69,-0.44,-0.16,0.83
1.2171800136566162,-0.65,-0.57,0.07,0.86
1.2312982082366943,0.46,-1.75,0.33,1.83
1.237781047821045,-0.12,-0.8,-0.29,0.85
1.2490780353546143,-0.72,0.38,0.25,0.85
1.2578918933868408,-2.08,1.41,0.04,2.51
1.267301082611084,-0.56,-0.18,0.06,0.59
1.2813379764556885,0.82,-1.52,-0.04,1.72
1.287369966506958,0.34,-0.69,0.05,0.77
1.2993218898773193,-1.12,0.96,-0.03,1.47
1.3083012104034424,0.01,0.07,-0.47,0.47
1.3172039985656738,-0.01,-0.13,-0.62,0.63
1.3313610553741455,-1.09,0.78,-0.13,1.34
1.3378050327301025,-1.34,0.68,-0.15,1.51
1.349095106124878,0.38,-1.16,-0.02,1.22
1.3579251766204834,0.01,-0.87,-0.26,0.9
1.3673079013824463,-0.25,-0.39,0.35,0.58
1.381335973739624,0.96,-1.01,0.81,1.61
1.3874180316925049,1.1,-0.98,-0.2,1.48
1.3993639945983887,1.67,-0.93,0.47,1.96
1.4083750247955322,2.19,-0.87,0.28,2.37
1.4173049926757812,2.69,-0.6,0.17,2.76
1.431488037109375,0.91,0.12,0.07,0.92
1.4379000663757324,-1.12,0.46,0.03,1.21
1.4491920471191406,-0.35,0.72,0.18,0.82
1.458103895187378,-0.08,0.48,0.01,0.48
1.4674110412597656,-1.35,0.0,-0.38,1.4
1.4813802242279053,-3.37,0.63,0.02,3.42
1.4874069690704346,-1.67,-0.13,-0.84,1.87
1.4992802143096924,1.09,-0.94,-0.23,1.45
1.508411169052124,2.56,-0.69,0.13,2.65
1.5175421237945557,3.15,-0.28,0.23,3.17
1.531480073928833,0.25,-0.11,0.1,0.29
1.5380241870880127,-0.79,0.03,-0.64,1.01
1.5492451190948486,-0.34,0.12,-0.68,0.76
1.55800199508667,0.02,0.03,-0.17,0.17
1.5674350261688232,0.06,-0.02,0.12,0.13
1.5814540386199951,0.0,0.15,0.29,0.32
1.5874440670013428,0.18,-0.01,0.0,0.18
1.599412202835083,0.21,-0.36,-0.13,0.43
1.60837721824646,0.14,-0.45,0.04,0.47
1.6177699565887451,0.1,-0.24,0.13,0.29
1.6315569877624512,0.0,-0.19,0.1,0.21
1.6380810737609863,-0.11,0.0,0.2,0.22
1.6493861675262451,-0.18,0.21,0.18,0.32
1.6581919193267822,-0.12,0.04,-0.11,0.16
1.6676220893859863,-0.98,-0.76,-0.28,1.27
1.6814281940460205,-0.69,-1.08,-0.18,1.29
1.6876389980316162,-0.3,-0.5,0.09,0.59
1.6996228694915771,0.67,0.19,0.02,0.69
1.7085301876068115,1.65,0.66,0.38,1.81
1.7176880836486816,1.25,0.49,0.17,1.35
1.7316360473632812,0.32,0.38,-0.38,0.62
1.7380712032318115,0.03,0.39,-0.57,0.69
1.7494730949401855,-0.09,0.28,-0.69,0.75
1.758338212966919,-0.86,0.19,0.1,0.88
1.7676210403442383,-0.84,0.29,-0.12,0.89
1.7815968990325928,-0.25,0.22,0.23,0.4
1.7876651287078857,0.3,-0.16,0.32,0.46
1.7995688915252686,0.26,-0.39,0.29,0.55
1.8085830211639404,0.22,-0.18,-0.03,0.28
1.8177430629730225,-0.06,0.16,0.04,0.17
1.8316500186920166,-0.37,0.28,0.18,0.49
1.8380959033966064,-0.04,0.19,0.0,0.19
1.8494980335235596,0.23,0.26,-0.24,0.42
1.858323097229004,0.02,0.31,-0.14,0.34
1.8677031993865967,0.02,0.11,-0.19,0.22
1.8817150592803955,0.19,0.03,0.23,0.29
1.8877599239349365,0.32,-0.02,0.29,0.43
1.8995389938354492,0.24,0.0,0.24,0.33
1.9086601734161377,-0.05,-0.34,0.43,0.55
1.9177629947662354,0.19,-0.03,0.21,0.28
1.9318161010742188,0.14,0.24,0.11,0.29
1.9384779930114746,-0.1,-0.3,-0.39,0.5
1.9495232105255127,-0.28,-0.09,0.22,0.36
1.9582841396331787,0.57,0.41,-0.74,1.02
1.9677720069885254,0.5,0.69,-0.78,1.15
1.9816949367523193,-0.18,-0.04,-0.28,0.33
1.9878251552581787,0.07,-0.15,-0.08,0.18
1.9996049404144287,0.29,0.01,-0.31,0.42
2.0087320804595947,0.13,0.31,-0.29,0.44
2.0177719593048096,0.14,0.45,0.12,0.48
2.031804084777832,0.5,0.44,0.15,0.68
2.0381882190704346,0.4,0.74,0.06,0.84
2.0496251583099365,0.08,0.91,0.06,0.91
2.058366060256958,-0.02,0.47,0.05,0.47
2.0678279399871826,-0.14,0.17,-0.03,0.22
2.081719160079956,0.14,0.18,-0.16,0.27
2.087773084640503,-0.34,0.36,-0.21,0.53
2.0995841026306152,-0.06,0.5,0.13,0.52
2.1087591648101807,0.05,0.32,-0.2,0.38
2.117943048477173,0.17,0.05,0.21,0.27
2.1317861080169678,0.17,0.02,-0.1,0.19
2.138345956802368,0.45,0.71,0.37,0.91
2.1496660709381104,0.92,0.79,-0.73,1.41
2.158529043197632,0.51,-0.94,0.01,1.06
2.1679019927978516,2.05,-0.13,0.37,2.08
2.182115077972412,2.14,-0.48,-0.52,2.25
2.187958002090454,1.89,-0.95,-0.22,2.12
2.199907064437866,2.23,-0.36,-0.15,2.26
2.208967924118042,1.85,-0.58,-0.29,1.96
2.2179880142211914,0.78,-1.0,0.08,1.27
2.232043981552124,-1.23,0.03,0.68,1.4
2.238399028778076,-2.1,0.35,0.33,2.15
2.2497150897979736,-1.16,0.05,0.57,1.29
2.258496046066284,0.04,0.38,0.25,0.45
2.2679779529571533,-0.11,0.24,-0.05,0.26
2.2819039821624756,-0.78,-1.13,-0.6,1.49
2.2878739833831787,-1.43,-1.42,0.44,2.06
2.2997920513153076,-1.09,-0.52,0.02,1.2
2.308871030807495,-0.91,0.81,-0.57,1.34
2.3181021213531494,-0.01,0.9,-0.1,0.9
2.3319530487060547,0.27,0.51,0.47,0.74
2.3382890224456787,0.22,1.0,0.38,1.09
2.349661111831665,0.4,1.48,0.36,1.57
2.3584980964660645,0.56,1.7,0.49,1.85
2.3679769039154053,0.48,0.05,-0.94,1.05
2.3820102214813232,0.76,1.45,0.61,1.74
2.387937068939209,0.41,-0.01,0.05,0.41
2.3998990058898926,-0.8,-0.77,-0.15,1.12
2.4088730812072754,0.31,1.19,-0.17,1.24
2.4179389476776123,-1.15,-0.35,-0.61,1.34
2.431835889816284,0.12,-0.04,-0.16,0.2
2.4384090900421143,-0.82,-1.1,-0.46,1.44
2.449782133102417,-1.17,-2.21,-0.13,2.5
2.4585790634155273,-0.29,-0.84,-0.58,1.06
2.467911958694458,-0.9,-2.32,-0.18,2.49
2.4824321269989014,-0.68,-1.87,0.47,2.04
2.4879150390625,-0.09,-0.4,-0.45,0.6
2.4998650550842285,0.2,-0.81,0.02,0.83
2.508881092071533,0.65,-1.54,0.38,1.71
2.518073081970215,0.64,-2.35,0.82,2.56
2.5319440364837646,0.81,-0.08,0.53,0.97
2.5384361743927,0.77,0.21,0.14,0.81
2.5497992038726807,0.0,-0.72,0.46,0.85
2.5586111545562744,-0.12,-1.36,0.37,1.41
2.5680370330810547,0.42,-0.98,0.0,1.06
2.5819520950317383,1.05,-0.35,-0.05,1.1
2.5880229473114014,2.22,0.96,-0.36,2.44
2.5998871326446533,2.88,0.87,-0.7,3.08
2.6089420318603516,2.62,-0.4,0.01,2.65
2.6182491779327393,1.73,-1.48,0.53,2.33
2.631916046142578,0.94,-2.14,0.58,2.4
2.6385929584503174,0.6,-2.61,0.29,2.69
2.649930000305176,-1.19,-1.62,0.37,2.04
2.65881609916687,-2.67,-1.34,0.0,2.98
2.668184995651245,-3.5,-0.46,-0.7,3.59
2.682188034057617,-3.98,0.05,-0.2,3.98
2.688117027282715,-2.67,0.48,-0.33,2.73
2.6999399662017822,-0.95,0.69,0.07,1.17
2.709080934524536,0.0,0.34,0.17,0.38
2.7180988788604736,0.26,0.09,0.17,0.32
2.7321269512176514,-0.44,-0.38,0.27,0.64
2.7385990619659424,-1.32,-0.56,0.04,1.43
2.749924898147583,-1.82,-0.67,-0.49,2.0
2.7587389945983887,-1.03,-0.06,-0.9,1.36
2.7681519985198975,-0.28,0.8,0.31,0.9
2.782233953475952,0.21,1.4,0.37,1.46
2.7882540225982666,0.59,1.8,-0.42,1.94
2.80000901222229,0.98,1.89,-0.31,2.15
2.809237003326416,1.25,1.59,0.0,2.02
2.8182132244110107,1.31,1.21,0.13,1.78
2.8321969509124756,1.4,0.67,-0.04,1.55
2.8387110233306885,0.99,0.44,0.16,1.09
2.850074052810669,-0.02,0.31,0.11,0.32
2.858905076980591,-0.41,-0.2,0.23,0.51
2.868281126022339,-0.15,-0.56,0.08,0.58
2.882277011871338,-0.11,-0.62,-0.09,0.63
2.8882949352264404,-0.28,-0.53,0.02,0.59
2.9001481533050537,-0.38,0.06,-0.02,0.38
2.90932297706604,-0.13,0.95,0.14,0.96
2.9185030460357666,0.5,1.23,-0.03,1.32
2.93220591545105,0.75,0.67,-0.34,1.06
2.938814878463745,0.05,-0.35,0.11,0.37
2.950098991394043,-0.11,-0.41,0.07,0.43
2.958923101425171,-0.1,0.03,-0.07,0.12
2.968402147293091,-0.12,0.16,-0.08,0.21
2.9822030067443848,-0.11,0.03,-0.16,0.19
2.9882471561431885,0.05,-0.07,-0.03,0.09
3.0000159740448,0.17,0.0,-0.02,0.17
3.009174108505249,0.13,0.06,0.03,0.14
3.0183730125427246,0.01,0.05,0.12,0.13
3.0322859287261963,-0.01,0.1,0.05,0.11
3.0386970043182373,-0.09,0.0,0.01,0.09
3.050159215927124,-0.08,-0.12,0.1,0.17
3.0589702129364014,0.0,0.07,-0.18,0.19
3.0684759616851807,-0.22,-0.11,-0.24,0.34
3.082489013671875,-0.01,0.04,0.06,0.07
3.088257074356079,-0.01,0.03,-0.09,0.09
3.100264072418213,-0.21,0.13,0.03,0.24
3.1092121601104736,-0.1,0.06,0.06,0.13
3.1185429096221924,0.11,-0.07,0.08,0.15
3.1326072216033936,0.07,0.06,0.11,0.14
3.138787031173706,-0.23,0.13,-0.19,0.32
3.150183916091919,-0.19,-0.12,-0.12,0.25
3.1589860916137695,0.05,-0.19,-0.03,0.19
3.1683661937713623,0.19,-0.06,-0.1,0.22
3.182328939437866,0.25,0.02,-0.03,0.25
3.188154935836792,0.25,0.06,-0.1,0.27
3.2001190185546875,0.23,-0.39,-0.01,0.45
3.209462881088257,0.22,-0.67,0.09,0.71
3.2185451984405518,0.05,-0.42,-0.04,0.42
3.232393980026245,0.07,-0.23,0.49,0.54
3.238858938217163,0.22,-0.1,-0.29,0.37
3.2501699924468994,-0.26,0.21,-0.28,0.43
3.258979082107544,-0.4,0.28,0.03,0.48
3.268470048904419,-0.15,0.21,-0.29,0.38
3.2824690341949463,0.46,0.25,-0.3,0.6
3.28847599029541,0.01,0.13,0.81,0.82
3.300132989883423,0.02,0.36,-0.07,0.36
3.30936598777771,-0.33,0.61,0.15,0.7
3.318572998046875,-0.1,0.28,-0.08,0.3
3.3324310779571533,0.05,-0.29,0.12,0.31
3.3389060497283936,0.28,-0.26,-0.13,0.4
3.3501760959625244,0.02,0.09,0.0,0.09
3.3592422008514404,-0.05,0.02,0.02,0.05
3.368602991104126,-0.04,0.03,-0.09,0.1
3.3824050426483154,-0.15,-0.01,-0.03,0.15
3.388540029525757,0.02,-0.05,-0.02,0.05
3.400254011154175,-0.13,-0.02,-0.14,0.19
3.4095089435577393,-0.33,0.19,0.16,0.41
3.4186179637908936,-0.16,0.09,-0.08,0.2
3.4326000213623047,-0.01,-0.1,0.1,0.14
3.4389169216156006,0.23,-0.1,-0.08,0.26
3.4501559734344482,0.18,0.02,-0.18,0.25
3.459141969680786,0.09,0.02,0.03,0.09
3.4686639308929443,0.04,0.01,-0.24,0.24
3.482748031616211,0.02,0.03,-0.07,0.07
3.4885480403900146,0.06,0.0,0.05,0.07
3.500349998474121,0.09,0.01,0.06,0.1
3.5097849369049072,-0.07,-0.02,0.21,0.22
3.518625020980835,-0.17,-0.12,0.32,0.38
3.5328209400177,-0.09,-0.09,0.21,0.24
3.5391461849212646,-0.05,0.0,0.2,0.2
3.550236940383911,-0.06,0.02,0.11,0.12
3.559216022491455,-0.12,0.11,-0.16,0.22
3.5686209201812744,-0.11,0.18,-0.18,0.27
3.582677125930786,0.03,0.03,-0.13,0.13
3.5886590480804443,0.22,-0.17,-0.12,0.3
3.6004090309143066,0.22,-0.18,-0.09,0.29
3.60957407951355,0.08,-0.01,-0.01,0.08
3.61869215965271,0.09,0.09,0.03,0.13
3.632874011993408,0.1,0.0,0.08,0.12
3.63913893699646,0.08,-0.06,0.05,0.11
3.650508165359497,0.09,-0.02,0.06,0.11
3.659259080886841,-0.02,0.08,0.03,0.08
3.6686620712280273,-0.08,0.08,0.04,0.12
3.6829211711883545,-0.12,0.0,-0.07,0.13
3.6886839866638184,-0.22,-0.02,-0.12,0.25
3.7006540298461914,-0.16,0.0,-0.04,0.16
3.709552049636841,0.02,0.0,-0.03,0.03
3.718981981277466,0.24,-0.11,0.1,0.28
3.732976198196411,0.28,-0.03,0.16,0.32
3.7392220497131348,0.11,0.04,0.05,0.12
3.75052809715271,-0.11,0.09,0.07,0.15
3.7592599391937256,-0.3,0.08,-0.02,0.31
3.768717050552368,-0.17,-0.01,-0.04,0.17
3.782804012298584,0.11,-0.07,0.09,0.15
3.7887041568756104,0.24,-0.17,0.04,0.29
3.800490140914917,0.13,-0.23,-0.01,0.26
3.809544086456299,0.08,-0.06,-0.01,0.1
3.8188140392303467,-0.11,0.05,-0.07,0.13
3.832750082015991,-0.05,0.08,-0.03,0.09
3.839337110519409,0.12,-0.1,0.0,0.15
3.8505442142486572,0.19,-0.14,-0.13,0.26
3.859356164932251,0.04,0.01,-0.05,0.06
3.8688008785247803,-0.04,0.06,-0.07,0.1
3.8829259872436523,-0.02,0.05,-0.07,0.08
3.8887341022491455,0.12,0.01,0.0,0.12
3.900810956954956,0.03,-0.2,0.1,0.22
3.9097390174865723,0.0,-0.19,0.17,0.25
3.9189510345458984,-0.25,0.01,0.0,0.25
3.9331071376800537,-0.33,0.2,-0.13,0.4
3.939324140548706,-0.24,0.21,-0.02,0.31
3.95051908493042,-0.14,0.14,-0.06,0.2
3.9593541622161865,-0.13,0.05,-0.03,0.14
3.968817949295044,-0.02,-0.01,0.02,0.03
3.9828741550445557,0.01,0.04,0.01,0.04
3.988690137863159,0.05,0.04,0.08,0.1
4.000815153121948,0.24,-0.06,0.05,0.25
4.009643077850342,0.24,-0.04,-0.1,0.26
4.018873929977417,0.23,-0.03,-0.08,0.24
4.032861948013306,0.18,-0.03,-0.13,0.22
4.039311170578003,0.05,0.01,-0.08,0.09
4.05063796043396,0.12,-0.03,-0.05,0.13
4.059258222579956,0.12,-0.05,0.03,0.13
4.068946123123169,0.08,0.0,-0.15,0.17
4.082990884780884,-0.08,0.0,0.08,0.11
4.088907957077026,-0.02,-0.05,-0.13,0.14
4.101036071777344,-0.09,0.03,-0.06,0.11
4.109833002090454,0.15,0.05,-0.64,0.65
4.118903875350952,0.24,-0.02,0.61,0.65
4.133157968521118,0.24,-0.11,0.56,0.61
4.139440059661865,-0.1,0.1,-0.33,0.35
4.150682210922241,0.01,-0.08,0.39,0.39
4.1594531536102295,0.34,-0.11,-0.18,0.4
4.169060945510864,0.13,0.11,-0.22,0.27
4.182987928390503,-0.21,0.14,0.02,0.25
4.188878059387207,-0.27,0.06,-0.11,0.29
4.20068097114563,-0.31,0.11,0.05,0.33
4.209809064865112,-0.12,0.11,0.0,0.16
4.2191150188446045,0.05,-0.09,-0.08,0.13
4.233021020889282,-0.06,-0.16,-0.03,0.17
4.23927903175354,-0.06,-0.12,-0.06,0.14
4.25108790397644,0.04,-0.03,-0.06,0.07
4.259475946426392,0.27,-0.06,-0.82,0.86
4.269052028656006,0.22,-0.13,1.09,1.11
4.283035039901733,0.41,-0.07,0.13,0.43
4.288888216018677,0.22,-0.14,0.15,0.3
4.300623178482056,0.05,-0.14,-0.13,0.19
4.309958219528198,-0.29,0.31,-0.39,0.57
4.319041013717651,-0.33,0.3,-0.18,0.48
4.333018064498901,-0.06,-0.04,0.0,0.07
4.339338064193726,0.05,-0.11,0.01,0.12
4.350754976272583,-0.02,0.04,-0.09,0.1
4.359644174575806,-0.06,0.06,-0.04,0.09
4.368997097015381,-0.01,0.01,0.02,0.02
4.38303017616272,0.15,-0.04,0.06,0.16
4.389034032821655,0.28,-0.08,0.09,0.3
4.400869131088257,0.26,-0.1,0.13,0.3
4.410167932510376,0.11,-0.07,0.03,0.13
4.419136047363281,0.01,0.03,-0.07,0.07
4.432949066162109,-0.01,0.05,-0.04,0.06
4.439405202865601,0.01,-0.03,-0.06,0.06
4.450762033462524,-0.04,0.02,0.04,0.06
4.459583044052124,-0.25,0.06,-0.03,0.25
4.4690210819244385,-0.36,0.08,-0.27,0.45
4.4829699993133545,-0.21,0.09,-0.06,0.23
4.4891040325164795,0.05,0.0,0.07,0.08
4.500835180282593,0.1,-0.09,0.06,0.14
4.509974002838135,0.12,-0.11,0.11,0.19
4.51910400390625,0.2,-0.05,0.18,0.27
4.53295111656189,0.15,-0.03,0.08,0.17
4.539398908615112,0.05,-0.04,-0.13,0.14
4.550828218460083,-0.07,-0.06,0.01,0.09
4.559582948684692,0.07,0.02,-0.15,0.16
4.569066047668457,0.12,0.07,0.01,0.13
4.582913160324097,0.05,-0.04,0.1,0.11
4.589071035385132,-0.02,-0.06,-0.05,0.08
4.600949048995972,-0.19,0.03,-0.08,0.2
4.6100640296936035,-0.35,0.13,-0.18,0.41
4.619066953659058,-0.28,0.13,-0.19,0.36
4.633196115493774,-0.03,0.01,-0.07,0.07
4.639600038528442,0.1,-0.01,-0.01,0.1
4.650840997695923,0.09,-0.04,0.01,0.09
4.6596081256866455,0.07,-0.08,0.01,0.1
4.669116020202637,0.17,-0.09,-0.03,0.19
4.6828930377960205,0.18,-0.09,-0.04,0.2
4.689115047454834,0.16,-0.03,-0.03,0.16
4.700824975967407,0.09,0.05,-0.03,0.1
4.710153102874756,-0.07,0.05,0.04,0.09
4.719254016876221,-0.16,0.06,-0.06,0.18
4.733142137527466,-0.12,0.03,-0.06,0.13
4.739637136459351,0.11,-0.01,-0.13,0.17
4.750937223434448,0.15,-0.05,0.12,0.19
4.759824991226196,0.2,-0.07,-0.07,0.22
4.769324064254761,0.17,-0.08,-0.22,0.28
4.783605098724365,0.08,-0.03,0.06,0.1
4.789144039154053,0.05,-0.01,-0.19,0.19
4.801079034805298,0.23,0.05,-0.38,0.44
4.810330152511597,0.33,-0.01,-0.01,0.33
4.819441080093384,0.5,-0.15,0.01,0.52
4.8331968784332275,0.61,-0.07,0.0,0.61
4.839728116989136,0.21,-0.43,0.01,0.47
4.851070165634155,-0.23,-1.24,0.07,1.26
4.859796047210693,-0.28,-1.31,-0.02,1.33
4.869432210922241,-0.23,-0.85,-0.05,0.88
4.883285045623779,-0.2,-0.52,-0.02,0.55
4.889218091964722,-0.04,-0.37,0.01,0.37
4.9011390209198,0.01,-0.25,0.01,0.25
4.910279989242554,-0.11,-0.06,0.08,0.14
4.919420003890991,-0.27,0.02,0.11,0.29
4.933326959609985,-0.06,0.23,-0.08,0.25
4.939779996871948,0.07,0.57,0.11,0.58
4.951162099838257,0.18,0.95,0.13,0.97
4.959964036941528,0.18,1.15,-0.26,1.19
4.96940803527832,-0.01,1.31,-0.12,1.31
4.983309984207153,-0.39,1.14,-0.31,1.24
4.989437103271484,-0.57,0.62,-0.42,0.94
5.001237154006958,-0.18,-0.16,-0.19,0.3
5.0104382038116455,-0.1,-0.15,0.04,0.18
5.019402027130127,0.38,0.19,0.28,0.5
5.033427000045776,0.44,0.01,-0.1,0.45
5.039898157119751,0.02,-0.29,-0.17,0.33
5.051126003265381,-0.26,-0.28,0.07,0.38
5.059956073760986,-0.12,-0.2,-0.36,0.42
5.069399118423462,-0.16,0.24,-0.02,0.28
5.083565950393677,0.29,0.39,0.23,0.53
5.089401006698608,0.39,-0.02,-0.04,0.39
5.101286172866821,-0.02,-0.28,-0.04,0.28
5.110417127609253,0.09,-0.2,-0.01,0.21
5.119662046432495,0.31,-0.1,0.03,0.32
5.1335389614105225,0.36,-0.08,-0.04,0.37
5.139827013015747,0.12,-0.1,-0.07,0.17
5.1512610912323,-0.14,0.1,-0.33,0.37
5.159991979598999,-0.11,0.19,-0.3,0.37
5.16949200630188,-0.07,0.14,0.07,0.17
5.183459997177124,0.1,0.09,0.12,0.18
5.189436197280884,0.19,-0.08,0.19,0.28
5.201483964920044,0.11,-0.15,0.34,0.38
5.21045708656311,-0.09,-0.1,0.26,0.29
5.219423055648804,-0.17,0.03,0.25,0.3
5.233439207077026,-0.12,0.04,0.24,0.27
5.240076065063477,0.05,-0.13,0.27,0.3
5.251350164413452,0.33,-0.2,0.37,0.53
5.260274171829224,0.3,-0.12,0.45,0.55
5.269491910934448,0.01,0.04,0.44,0.44
5.283465147018433,-0.3,0.16,0.13,0.36
5.289484024047852,-0.49,0.05,-0.02,0.49
5.3013551235198975,-0.45,-0.11,0.13,0.48
5.310381174087524,-0.31,-0.18,0.25,0.43
5.3196961879730225,-0.11,-0.08,0.33,0.35
5.333521127700806,-0.01,-0.03,0.33,0.33
5.339947938919067,-0.03,-0.08,0.12,0.14
5.351276159286499,-0.23,-0.18,0.19,0.34
5.360214948654175,-0.35,-0.23,0.4,0.57
5.369641065597534,-0.29,-0.11,0.49,0.57
5.3833959102630615,-0.37,0.05,0.77,0.85
5.389559984207153,-0.47,0.04,0.66,0.81
5.40139102935791,-0.6,0.16,0.48,0.78
5.410613059997559,-0.72,0.29,0.26,0.81
5.419839143753052,-0.75,0.23,-0.03,0.78
5.433504104614258,-0.44,0.18,-0.04,0.47
5.440064191818237,0.07,-0.02,-0.11,0.13
5.451289892196655,0.37,-0.34,0.01,0.5
5.460206031799316,0.59,-0.39,0.07,0.71
5.469670057296753,0.35,-0.18,0.15,0.42
5.483429193496704,-0.03,-0.06,-0.04,0.07
5.489671945571899,-0.32,-0.02,-0.11,0.33
5.5017290115356445,-0.18,-0.08,0.24,0.31
5.510623216629028,0.27,-0.04,0.24,0.36
5.519749879837036,0.55,0.03,0.14,0.56
5.533523082733154,0.7,-0.07,0.44,0.82
5.540101051330566,0.63,-0.3,0.12,0.7
5.551427125930786,0.32,-0.42,0.07,0.53
5.560190916061401,0.12,-0.23,0.13,0.29
5.569691896438599,-0.15,0.09,-0.02,0.17
5.58356499671936,-0.43,0.2,0.33,0.57
5.589854955673218,-0.4,0.19,0.38,0.58
5.601544141769409,0.01,0.14,0.21,0.25
5.610674142837524,0.47,0.07,0.76,0.89
5.619807004928589,0.5,0.16,0.47,0.7
5.633655071258545,0.07,0.12,0.11,0.17
5.640246152877808,-0.32,0.05,-0.1,0.33
5.651637077331543,-0.37,0.05,-0.61,0.71
5.66037392616272,-0.22,0.03,-0.27,0.34
5.669753074645996,-0.11,-0.06,0.05,0.13
5.683639049530029,-0.08,0.06,-0.18,0.2
5.689739942550659,-0.07,0.21,-0.37,0.43
5.701512098312378,-0.35,-0.05,0.14,0.38
5.710988998413086,-0.53,-0.04,0.06,0.53
5.720017194747925,-0.51,0.23,-0.4,0.68
5.734098196029663,-0.68,0.22,-0.58,0.92
5.740415096282959,-0.48,0.13,-0.38,0.62
5.7517311573028564,-0.24,-0.05,-0.31,0.39
5.760541200637817,-0.14,-0.07,-0.17,0.23
5.769798040390015,-0.3,0.18,0.21,0.4
5.7839648723602295,-0.47,0.12,-0.17,0.51
5.789812088012695,-0.65,0.05,-0.39,0.75
5.801843881607056,-0.75,0.26,-0.27,0.83
5.810823202133179,-0.53,0.23,-0.3,0.65
5.819951057434082,-0.02,0.04,-0.43,0.43
5.8337318897247314,0.46,-0.01,-0.34,0.57
5.840327024459839,0.51,-0.2,0.03,0.54
5.851661920547485,0.35,-0.37,-0.22,0.55
5.860730886459351,0.38,-0.24,-0.88,0.98
5.869875192642212,0.29,0.11,-0.84,0.89
5.883885145187378,0.26,0.36,-0.47,0.64
5.889961004257202,0.4,0.35,-0.48,0.71
5.901750087738037,0.37,0.33,-0.19,0.53
5.9109930992126465,0.13,0.28,-0.14,0.33
5.920114994049072,-0.1,0.13,-0.43,0.46
5.9342780113220215,-0.05,0.01,-0.71,0.71
5.940510988235474,0.1,-0.08,-0.79,0.8
5.95200514793396,0.39,-0.19,-0.51,0.66
5.960565090179443,0.69,-0.13,-0.55,0.89
5.969966173171997,0.42,-0.16,0.03,0.45
5.983941078186035,0.18,-0.13,-0.09,0.23
5.9900360107421875,0.02,0.02,-0.19,0.19
6.0017311573028564,0.08,0.1,-0.28,0.3
6.010993003845215,0.4,0.29,-0.56,0.74
6.020015001296997,0.42,0.17,-0.06,0.45
6.0339601039886475,0.46,0.07,-0.41,0.62
6.040448904037476,0.32,0.11,-0.58,0.67
6.051760911941528,0.22,-0.1,-0.42,0.48
6.06038498878479,0.32,-0.1,-0.42,0.53
6.070007085800171,0.15,0.0,-0.01,0.15
6.083884000778198,0.12,0.03,-0.1,0.15
6.089976072311401,0.12,0.12,-0.26,0.31
6.101747035980225,-0.06,0.12,0.1,0.16
6.111041069030762,-0.19,0.07,0.05,0.2
6.120071172714233,-0.37,0.27,0.04,0.45
6.134135007858276,-0.61,0.46,0.09,0.76
6.140558958053589,-1.07,0.45,0.06,1.16
6.151895999908447,-0.97,0.52,0.04,1.1
6.160680055618286,-0.73,0.56,0.33,0.97
6.170096158981323,-0.82,0.41,0.34,0.97
6.1840660572052,-1.0,0.35,0.38,1.12
6.190047025680542,-1.32,0.5,0.66,1.55
6.201807022094727,-1.62,0.82,0.94,2.04
6.210979223251343,-1.6,0.97,0.81,2.03
6.220142126083374,-1.56,0.88,0.71,1.92
6.233979940414429,-1.06,0.76,0.7,1.48
6.240540027618408,-0.71,0.71,0.53,1.13
6.251888990402222,-0.71,0.64,0.46,1.06
6.260812997817993,-0.73,0.5,0.4,0.97
6.270096063613892,-0.86,0.34,0.21,0.94
6.284314870834351,-0.91,-0.46,-0.14,1.02
6.290149927139282,-0.41,-0.55,-0.1,0.69
6.302021026611328,-0.65,0.01,-0.06,0.65
6.31138014793396,-0.96,0.41,-0.13,1.05
6.320293188095093,-1.22,0.68,-0.15,1.4
6.334528207778931,-1.32,0.84,-0.36,1.6
6.340562105178833,-1.31,1.0,-0.41,1.69
6.3520050048828125,-1.13,1.09,-0.33,1.6
6.36083722114563,-0.76,1.1,-0.28,1.36
6.370196104049683,-0.25,0.61,-0.35,0.74
6.384105920791626,-0.1,0.0,-0.19,0.21
6.39018702507019,-0.19,-0.22,-0.14,0.32
6.402052164077759,-0.15,-0.23,-0.35,0.44
6.411295175552368,-0.32,-0.11,-0.17,0.37
6.420387029647827,-0.97,-0.08,0.36,1.03
6.434128999710083,-1.73,-0.16,0.49,1.8
6.440780878067017,-2.29,-0.14,0.36,2.32
6.451986074447632,-2.65,-0.13,0.32,2.67
6.460805177688599,-2.79,-0.17,0.33,2.81
6.4702980518341064,-2.76,-0.16,0.26,2.77
6.48429799079895,-2.54,-0.08,0.26,2.55
6.4902589321136475,-2.0,0.1,0.39,2.04
6.502448081970215,-1.48,0.29,0.48,1.58
6.5112550258636475,-1.31,0.31,0.63,1.48
6.520486116409302,-1.19,0.21,0.66,1.37
6.53410005569458,-1.11,0.19,0.48,1.22
6.5406880378723145,-0.99,0.32,0.54,1.17
6.552141904830933,-0.84,0.39,0.68,1.14
6.560854196548462,-0.68,0.25,0.78,1.06
6.570152044296265,-0.6,0.22,0.7,0.94
6.584244012832642,-0.62,0.33,0.6,0.92
6.590222120285034,-0.7,0.52,0.57,1.04
6.602043867111206,-0.8,0.62,0.55,1.15
6.611223936080933,-0.84,0.71,0.53,1.22
6.620343923568726,-0.8,0.77,0.56,1.24
6.634040117263794,-0.71,0.74,0.43,1.11
6.640758037567139,-0.57,0.57,0.27,0.85
6.652132987976074,-0.25,0.35,0.29,0.51
6.660890102386475,0.11,0.23,0.3,0.39
6.670357942581177,0.34,0.12,0.34,0.49
6.6843791007995605,0.44,-0.11,0.56,0.72
6.690292119979858,0.64,-0.25,0.56,0.88
6.702099084854126,0.82,-0.18,0.38,0.92
6.71123194694519,0.87,-0.04,0.38,0.95
6.720437049865723,0.82,0.09,0.41,0.92
6.734194993972778,0.71,0.15,0.3,0.78
6.740680932998657,0.63,0.13,0.15,0.66
6.7522618770599365,0.68,0.07,0.04,0.68
6.760974168777466,0.65,0.01,-0.06,0.65
6.77034592628479,0.72,-0.18,-0.12,0.75
6.784350156784058,0.77,-0.47,-0.31,0.95
6.790373086929321,1.02,-0.69,-0.3,1.26
6.802268028259277,1.4,-0.63,-0.22,1.55
6.811361074447632,1.55,-0.46,-0.12,1.62
6.820555925369263,1.48,-0.51,0.12,1.57
6.834409952163696,1.34,-0.64,0.03,1.48
6.840924024581909,1.46,-0.71,-0.14,1.62
6.852289915084839,1.73,-0.72,-0.16,1.88
6.861027956008911,1.81,-0.66,-0.22,1.93
6.870537996292114,1.67,-0.7,-0.32,1.83
6.884458065032959,1.47,-0.84,-0.5,1.76
6.890449047088623,1.38,-1.05,-0.77,1.89
6.902249097824097,1.72,-1.27,-0.75,2.26
6.911542177200317,2.27,-1.3,-0.74,2.71
6.920706033706665,2.5,-0.99,-0.68,2.77
6.934449911117554,2.2,-0.76,-0.49,2.37
6.941023111343384,1.69,-0.74,-0.59,1.93
6.952394008636475,1.26,-0.79,-0.7,1.64
6.961052179336548,1.26,-0.8,-0.68,1.64
6.970591068267822,1.62,-0.74,-0.66,1.89
6.984557867050171,1.85,-0.81,-0.44,2.06
6.990480184555054,1.89,-0.92,-0.18,2.1
7.002361059188843,1.81,-1.08,-0.37,2.13
7.011545896530151,2.02,-1.1,-2.56,3.44
7.020658016204834,2.43,0.32,-2.02,3.17
7.034748077392578,3.46,1.04,1.88,4.07
7.041145086288452,3.16,2.36,5.31,6.61
7.0523600578308105,0.99,2.16,5.37,5.87
7.061383962631226,-0.51,1.49,3.95,4.25
7.070576906204224,-1.43,1.09,0.48,1.86
7.0848000049591064,-1.88,0.73,-2.31,3.06
7.090626001358032,-2.87,0.51,-1.11,3.11
7.10249400138855,-3.3,0.47,0.46,3.36
7.111561059951782,-2.37,0.71,-0.02,2.47
7.120650053024292,1.44,0.84,-1.49,2.23
7.134530067443848,4.93,-0.12,-1.85,5.26
7.141154050827026,3.87,-0.92,-0.82,4.06
7.152407884597778,2.4,-0.69,-0.21,2.5
7.161295175552368,1.21,0.12,-0.08,1.21
7.170646905899048,0.1,0.57,0.06,0.58
7.184495210647583,-0.78,0.64,0.53,1.13
7.190598011016846,-1.5,0.45,0.6,1.67
7.2024009227752686,-1.75,-0.17,0.1,1.76
7.211652040481567,-1.05,-0.41,-0.06,1.12
7.220679044723511,0.3,-0.25,0.32,0.5
7.2346861362457275,1.45,0.04,0.23,1.46
7.24107813835144,2.11,0.07,0.07,2.11
7.252328157424927,1.87,0.07,0.11,1.87
7.261225938796997,0.77,0.17,-0.11,0.79
7.270830869674683,-0.67,0.31,-0.21,0.76
7.284705877304077,-1.64,0.27,-0.5,1.73
7.290705919265747,-1.84,0.05,-1.06,2.12
7.3025429248809814,-1.08,0.0,-1.15,1.57
7.311676025390625,0.28,0.05,-0.9,0.94
7.32073187828064,1.54,0.12,-0.66,1.67
7.334532022476196,2.1,0.12,-0.32,2.12
7.341094017028809,1.61,0.15,-0.03,1.61
7.352482080459595,0.52,0.14,-0.27,0.6
7.361180067062378,-0.48,0.14,-0.44,0.66
7.370714902877808,-0.87,0.08,-0.51,1.01
7.384670972824097,-0.77,0.09,-0.42,0.88
7.390778064727783,-0.32,0.13,-0.34,0.48
7.402648210525513,0.14,0.04,-0.31,0.34
7.411664009094238,0.5,-0.07,-0.33,0.6
7.4207680225372314,0.44,-0.1,-0.28,0.53
7.434678077697754,0.23,-0.07,-0.25,0.34
7.441312074661255,-0.05,-0.04,-0.17,0.18
7.452570199966431,-0.38,-0.02,-0.12,0.39
7.4613001346588135,-0.44,0.08,-0.17,0.47
7.4708569049835205,-0.49,0.14,0.03,0.51
7.484661102294922,-0.43,0.03,-0.07,0.43
7.490844964981079,-0.25,0.0,-0.24,0.34
7.502524137496948,-0.11,-0.01,-0.11,0.15
7.511668920516968,-0.11,0.01,-0.18,0.21
7.5209739208221436,-0.14,0.05,-0.23,0.27
7.534781217575073,-0.22,0.08,-0.27,0.35
7.541343927383423,-0.22,0.06,-0.43,0.48
7.552830934524536,0.01,0.02,-0.65,0.65
7.561216115951538,0.34,0.02,-0.32,0.46
7.570943117141724,0.55,-0.05,-0.17,0.57
7.5848729610443115,0.54,-0.08,-0.07,0.55
7.590891122817993,0.39,0.03,0.02,0.39
7.602711915969849,0.04,0.21,-0.05,0.21
7.611748933792114,-0.37,0.28,-0.22,0.51
7.620991945266724,-0.57,0.08,-0.16,0.59
7.634770154953003,-0.46,-0.01,-0.38,0.59
7.6412951946258545,-0.36,0.03,-0.56,0.66
7.652623891830444,-0.24,0.02,-0.28,0.36
7.661420106887817,-0.13,0.14,-0.24,0.3
7.670798063278198,-0.17,0.55,-0.52,0.77
7.684773206710815,-0.14,0.72,-0.69,1.0
7.690841913223267,0.11,0.52,-0.74,0.91
7.702640056610107,0.42,0.52,-0.9,1.12
7.711806058883667,0.36,0.77,-0.85,1.2
7.721083879470825,0.24,0.75,-1.0,1.27
7.734891176223755,0.23,0.78,-1.18,1.43
7.741366147994995,0.17,0.95,-0.95,1.35
7.752759218215942,-0.01,1.3,-1.18,1.75
7.761461973190308,-0.54,1.59,-1.55,2.28
7.77096700668335,-0.99,1.28,-1.77,2.39
7.7849109172821045,-1.17,0.63,-2.33,2.68
7.790940046310425,-1.22,-0.21,-3.11,3.34
7.802747011184692,-0.84,-0.69,-3.63,3.78
7.811846017837524,-0.16,-0.27,-3.13,3.14
7.8210930824279785,0.27,0.19,-2.58,2.6
7.834809064865112,-0.13,0.33,-3.14,3.15
7.841407060623169,-0.65,0.32,-3.41,3.48
7.852792024612427,-0.74,0.35,-2.76,2.87
7.861583948135376,-0.47,0.05,-2.58,2.62
7.870954990386963,0.23,-0.59,-2.58,2.65
7.885038137435913,1.45,-1.0,-1.9,2.59
7.890990972518921,2.63,-0.95,-1.67,3.25
7.902945041656494,2.38,-0.64,-1.29,2.78
7.911984205245972,0.55,-0.59,-0.04,0.8
7.921056032180786,-1.36,-0.59,1.19,1.9
7.9351160526275635,-2.66,-0.55,1.04,2.9
7.941672086715698,-3.22,-0.71,0.36,3.31
7.952952146530151,-2.49,-1.12,0.3,2.74
7.961632966995239,-0.99,-1.19,0.48,1.62
7.971155881881714,0.45,-0.83,0.53,1.08
7.985263109207153,1.65,-0.64,0.49,1.83
7.991205930709839,2.52,-0.8,0.24,2.65
8.003166913986206,3.02,-0.94,-0.02,3.16
8.012137174606323,3.25,-0.81,-0.19,3.35
8.02137804031372,3.11,-0.47,-0.49,3.18
8.03534722328186,2.74,-0.41,-0.7,2.85
8.041632890701294,2.47,-0.6,-0.7,2.63
8.052918195724487,2.35,-0.57,-0.87,2.56
8.06172490119934,1.94,-0.5,-0.9,2.19
8.071120023727417,1.48,-0.4,-0.91,1.78
8.085146188735962,1.05,-0.19,-1.0,1.46
8.091137170791626,0.68,0.0,-0.99,1.2
8.102917909622192,0.51,0.13,-1.07,1.19
8.11214804649353,0.32,0.29,-1.28,1.35
8.12126898765564,0.14,0.57,-1.33,1.45
8.135071039199829,-0.05,0.78,-1.4,1.6
8.141658067703247,-0.26,0.75,-1.63,1.81
8.153074026107788,-0.33,0.58,-1.83,1.94
8.161619901657104,-0.27,0.48,-1.99,2.06
8.171262979507446,-0.12,0.49,-1.9,1.96
8.185190916061401,-0.01,0.48,-1.85,1.91
8.19123101234436,-0.2,0.31,-1.88,1.91
8.202982187271118,-0.51,0.04,-1.85,1.91
8.212164163589478,-1.11,-0.15,-2.25,2.51
8.221286058425903,-1.9,-0.21,-2.51,3.15
8.235197067260742,-2.69,-0.17,-2.7,3.81
8.241696119308472,-3.46,-0.09,-3.01,4.58
8.25297999382019,-4.14,-0.05,-2.83,5.01
8.261759042739868,-4.47,-0.63,-2.7,5.26
8.271175146102905,-4.53,-0.76,-2.16,5.07
8.285255193710327,-4.83,-0.44,-1.6,5.1
8.291230916976929,-4.17,-0.72,-1.81,4.6
8.303256034851074,-4.46,-0.96,-1.64,4.84
8.312244176864624,-4.96,-1.02,-1.38,5.24
8.321458101272583,-5.19,-0.88,-1.1,5.37
8.335328102111816,-5.45,-0.69,-0.81,5.55
8.34175705909729,-5.78,-0.65,-0.54,5.84
8.353280067443848,-6.05,-0.78,-0.21,6.1
8.361891984939575,-5.85,-0.69,-1.0,5.97
8.371279954910278,-5.55,1.02,-0.13,5.64
8.38517689704895,-4.95,1.43,2.05,5.54
8.391311883926392,-1.09,1.93,1.27,2.55
8.403130054473877,1.43,1.51,1.64,2.64
8.412222146987915,2.56,0.67,2.0,3.31
8.421359062194824,2.8,0.21,3.47,4.46
8.43536114692688,1.34,-0.16,4.27,4.47
8.441819906234741,-1.06,-0.22,2.22,2.46
8.45313286781311,-2.8,0.1,0.61,2.86
8.461952924728394,-3.31,0.78,0.54,3.44
8.471378087997437,-3.23,1.35,-0.18,3.5
8.485249996185303,-2.8,1.28,-0.68,3.15
8.491473913192749,-1.94,1.29,-0.4,2.36
8.50308108329773,-0.74,1.6,0.37,1.8
8.512331008911133,0.37,1.71,0.48,1.81
8.521426916122437,0.49,1.3,1.28,1.88
8.53532099723816,-0.25,0.27,1.75,1.78
8.541898965835571,-0.98,-0.21,0.5,1.12
8.553179025650024,-1.39,-0.23,-0.35,1.45
8.562027215957642,-1.1,0.06,-0.34,1.15
8.571547031402588,-0.31,0.68,-0.75,1.05
8.585328102111816,0.83,1.09,-1.26,1.86
8.591522932052612,1.63,0.91,-1.1,2.16
8.60329008102417,1.32,0.22,-0.99,1.66
8.612436056137085,0.51,-0.03,-1.22,1.32
8.621533155441284,-0.33,0.21,-1.21,1.27
8.635565996170044,-0.56,0.49,-1.27,1.47
8.642037153244019,0.12,0.52,-1.38,1.47
8.653455018997192,1.05,0.08,-1.15,1.55
8.662102937698364,1.44,-0.22,-0.91,1.71
8.67150092124939,1.27,-0.12,-0.76,1.48
8.685635089874268,0.67,0.25,-0.23,0.75
8.69157600402832,0.17,0.35,-0.44,0.58
8.703470945358276,0.29,0.14,-0.79,0.85
8.712532043457031,0.57,-0.15,-0.55,0.8
8.721599102020264,0.69,-0.17,-0.78,1.05
8.735493898391724,0.39,-0.22,-0.5,0.67
8.741965055465698,-0.01,-0.24,-0.66,0.7
8.753280878067017,-0.72,-0.1,-0.4,0.82
8.762137174606323,-1.17,-0.07,-0.12,1.17
8.771404027938843,-1.22,0.13,-0.18,1.24
8.785567045211792,-1.32,0.1,0.5,1.41
8.7915620803833,-1.24,-0.08,0.46,1.32
8.803524017333984,-1.47,0.12,0.26,1.49
8.812554121017456,-1.86,0.43,0.08,1.91
8.821708917617798,-1.87,0.46,-0.34,1.95
8.835609197616577,-1.58,0.26,-0.61,1.71
8.842050075531006,-1.14,0.26,-1.18,1.66
8.853435039520264,-0.53,0.75,-1.59,1.83
8.862185001373291,0.47,1.22,-1.63,2.08
8.87154507637024,1.5,1.24,-1.88,2.7
8.885584115982056,1.85,0.63,-1.99,2.78
8.891574144363403,1.9,-0.53,-1.41,2.42
8.90346908569336,2.09,-1.13,-0.62,2.45
8.912666082382202,2.57,-0.58,-0.01,2.63
8.92176604270935,3.32,0.53,0.54,3.4
8.935908079147339,4.29,0.92,0.15,4.39
8.942134141921997,5.54,0.17,-0.53,5.56
8.953529119491577,5.96,-1.23,-0.29,6.09
8.962224006652832,6.76,-1.35,-0.71,6.92
8.97169303894043,7.53,-0.7,-1.42,7.69
8.98562502861023,7.77,0.42,-1.75,7.97
8.991757154464722,5.58,1.31,-3.11,6.52
9.003565073013306,1.33,1.18,-4.18,4.54
9.012717008590698,-0.71,1.34,-3.92,4.2
9.021733045578003,-1.96,1.49,-3.18,4.02
9.03565502166748,-2.4,1.19,-1.99,3.33
9.04221510887146,-2.97,0.88,-0.91,3.22
9.053467035293579,-3.11,0.54,-0.49,3.19
9.062326192855835,-1.57,0.15,-0.47,1.64
9.07176399230957,-0.84,-0.27,-0.36,0.95
9.085912942886353,-0.93,-0.6,-0.36,1.16
9.091839075088501,-1.02,-0.76,-0.61,1.41
9.103500127792358,-1.5,-1.02,-0.47,1.87
9.112694025039673,-1.55,-1.4,0.17,2.09
9.121865034103394,-0.28,-1.22,0.9,1.54
9.135922193527222,-0.89,-0.53,0.91,1.37
9.14222002029419,-3.49,-2.27,-2.25,4.73
9.153532028198242,-5.41,-2.79,-3.09,6.82
9.162368059158325,-5.86,-2.6,0.17,6.41
9.17182207107544,-6.42,-2.57,2.45,7.33
9.186135053634644,-6.62,-1.83,1.5,7.03
9.191859006881714,-6.87,-1.43,0.21,7.02
9.203642129898071,-6.53,-0.89,-1.7,6.8
9.212906122207642,-4.0,1.25,-3.73,5.61
9.22200322151184,0.73,2.58,-2.4,3.59
9.23595404624939,3.11,1.22,0.37,3.36
9.24244999885559,2.35,-1.44,1.39,3.08
9.253472089767456,0.82,-3.58,1.39,3.92
9.26230502128601,0.74,-3.79,0.02,3.86
9.271791219711304,0.8,-2.53,-1.08,2.86
9.285784006118774,1.2,-1.33,-1.66,2.44
9.291851997375488,1.84,-0.61,-0.55,2.01
9.303622007369995,1.35,1.85,4.36,4.92
9.31272292137146,-0.44,6.34,7.78,10.04
9.32199215888977,-1.98,8.11,4.22,9.35
9.335922956466675,-4.21,7.65,-0.83,8.77
9.342355012893677,-7.47,3.06,-4.14,9.07
9.353788137435913,-8.65,-4.36,-1.59,9.81
9.362430095672607,-1.98,-4.64,1.42,5.24
9.371855020523071,2.54,-0.54,-0.03,2.59
9.385936975479126,1.64,1.84,-0.96,2.64
9.39192008972168,1.33,2.1,-0.75,2.59
9.403669118881226,0.83,0.3,0.14,0.89
9.41278600692749,-0.3,-0.53,0.56,0.82
9.421951055526733,-1.03,-0.17,0.48,1.14
9.435739994049072,-0.86,0.01,0.93,1.26
9.44241213798523,0.19,0.0,0.47,0.5
9.453695058822632,0.93,-0.09,0.49,1.05
9.462487936019897,0.92,-0.15,1.23,1.54
9.47191309928894,0.26,-0.17,0.95,0.99
9.485872030258179,-0.23,-0.1,0.57,0.62
9.492032051086426,-0.13,0.03,0.61,0.62
9.503866910934448,-0.14,-0.03,0.73,0.74
9.512943983078003,-0.42,-0.1,0.43,0.6
9.522213220596313,-0.63,0.0,0.23,0.67
9.535936117172241,-0.39,0.09,-0.14,0.42
9.542300939559937,0.2,0.09,-0.17,0.27
9.553931951522827,0.66,-0.06,0.47,0.81
9.562560081481934,0.79,-0.15,0.36,0.88
9.571930170059204,0.68,0.0,0.07,0.68
9.585965871810913,0.3,0.2,0.32,0.48
9.591928005218506,0.07,0.13,0.4,0.42
9.60387396812439,0.17,-0.06,0.07,0.19
9.61296010017395,0.48,-0.12,0.28,0.56
9.62217116355896,0.51,-0.15,0.42,0.67
9.635771036148071,0.27,-0.06,0.16,0.31
9.642489194869995,0.05,0.09,-0.02,0.1
9.653732061386108,-0.28,0.31,-0.16,0.44
9.66270399093628,-0.19,0.18,0.06,0.26
9.67196011543274,0.05,0.01,0.27,0.27
9.685882091522217,0.01,-0.05,0.42,0.42
9.691858053207397,-0.16,-0.11,0.3,0.35
9.703940153121948,-0.15,-0.04,-0.01,0.15
9.713032960891724,-0.02,0.06,0.03,0.06
9.722126007080078,0.32,-0.02,-0.18,0.36
9.73652195930481,0.33,-0.07,-0.64,0.72
9.742423057556152,0.13,0.06,-0.44,0.46
9.754067182540894,-0.14,0.1,-0.25,0.3
9.762782096862793,-0.31,0.05,-0.61,0.68
9.77210021018982,-0.24,0.09,-0.36,0.44
9.786225080490112,0.05,0.07,0.03,0.09
9.791912078857422,0.12,-0.01,-0.03,0.12
9.803894996643066,-0.03,-0.13,0.34,0.36
9.81327509880066,-0.27,-0.15,0.48,0.57
9.822269201278687,-0.47,-0.14,0.54,0.72
9.836188077926636,-0.46,-0.08,0.4,0.61
9.842611074447632,-0.38,0.18,-0.04,0.42
9.853890180587769,-0.41,0.01,-0.17,0.44
9.862746953964233,-0.09,-0.2,-0.05,0.22
9.872131109237671,-0.48,-0.04,-0.09,0.49
9.886183977127075,-0.47,-0.05,-0.42,0.63
9.891801118850708,-0.18,-0.05,-0.45,0.48
9.90413498878479,-0.59,0.27,-0.35,0.73
9.913177013397217,-1.1,0.69,0.16,1.3
9.922268152236938,-0.47,0.27,-0.26,0.6
9.936297178268433,0.12,-0.29,0.44,0.54
9.94254207611084,0.51,-0.47,0.33,0.76
9.953979015350342,0.45,-0.12,-0.23,0.51
9.962900876998901,0.38,0.02,0.47,0.6
9.972156047821045,0.12,-0.04,0.36,0.38
9.986134052276611,-0.32,0.1,0.1,0.34
9.992077112197876,-0.6,0.17,-0.09,0.63
10.00406002998352,-0.7,0.07,-0.17,0.72
10.013256072998047,-0.56,-0.06,-0.05,0.56
10.022345066070557,-0.25,0.01,-0.31,0.39
10.03615117073059,-0.02,0.03,-0.3,0.3
10.042670011520386,-0.04,-0.15,0.16,0.22
10.05417799949646,0.16,-0.36,0.14,0.41
10.062851190567017,0.35,-0.33,0.28,0.55
10.072157144546509,0.25,-0.09,0.41,0.48
10.086334943771362,-0.11,0.2,0.3,0.37
10.092092037200928,-0.33,0.23,-0.08,0.41
10.104233980178833,-0.72,-0.07,0.0,0.72
10.11332392692566,-0.93,-0.29,0.02,0.97
10.122359991073608,-0.76,-0.22,-0.33,0.85
10.136304140090942,-0.54,-0.18,-0.29,0.63
10.14280915260315,-0.6,-0.33,-0.16,0.7
10.15408205986023,-0.86,-0.27,-0.7,1.14
10.16288709640503,-0.45,0.06,-0.17,0.48
10.172307014465332,0.35,0.27,0.31,0.53
10.186393022537231,0.84,0.05,0.16,0.85
10.192270994186401,1.14,-0.07,0.43,1.22
10.20415186882019,1.28,-0.11,0.41,1.34
10.213129997253418,1.1,-0.11,0.37,1.16
10.222485065460205,0.63,-0.04,0.35,0.72
10.23635220527649,0.41,0.01,-0.14,0.43
10.242984056472778,0.38,0.19,-0.32,0.53
10.254128217697144,0.31,0.16,-0.24,0.42
10.262991189956665,0.12,-0.07,-0.39,0.41
10.27226996421814,-0.13,0.01,-0.38,0.4
10.286378145217896,-0.41,0.09,-0.43,0.6
10.29233193397522,-0.48,0.14,-0.29,0.57
10.304325103759766,-0.19,0.15,0.0,0.24
10.313329935073853,0.11,0.08,0.42,0.44
10.322525024414062,0.36,0.24,0.78,0.89
10.33643889427185,0.15,0.49,0.72,0.88
10.342729091644287,0.32,0.32,0.55,0.71
10.354250192642212,0.31,-0.09,0.49,0.58
10.363156080245972,0.0,-0.22,0.12,0.25
10.372493028640747,-0.17,-0.01,0.05,0.17
10.38640308380127,-0.25,0.13,0.13,0.31
10.392432928085327,-0.35,-0.09,-0.49,0.6
10.404247999191284,0.93,-0.33,-0.39,1.06
10.413402080535889,1.45,-0.39,0.23,1.51
10.422482013702393,0.24,-0.28,-0.17,0.4
10.43650507926941,-0.34,0.06,-0.05,0.34
10.443140029907227,-0.47,0.11,0.07,0.48
10.454236030578613,-0.47,-0.02,-0.18,0.5
10.46326994895935,-0.38,-0.05,-0.07,0.38
10.472533941268921,-0.72,0.19,-0.14,0.75
10.486610174179077,-0.12,0.13,0.0,0.17
10.49251914024353,0.11,-0.15,0.26,0.31
10.50448489189148,0.2,-0.19,0.19,0.33
10.513479948043823,0.17,-0.12,0.23,0.31
10.522592067718506,0.11,0.08,0.1,0.16
10.53645396232605,-0.02,0.07,0.13,0.14
10.543028116226196,-0.08,-0.07,-0.05,0.11
10.554287195205688,-0.05,0.06,0.05,0.09
10.563252210617065,-0.07,0.22,0.19,0.29
10.572603940963745,-0.1,0.15,-0.1,0.2
10.58650803565979,-0.09,-0.01,-0.03,0.09
10.59269404411316,0.07,-0.03,0.04,0.08
10.604537010192871,0.15,0.05,-0.03,0.16
10.613435983657837,0.12,0.04,0.05,0.13
10.622557878494263,-0.19,0.04,0.08,0.21
10.63631796836853,-0.17,0.04,-0.02,0.17
10.64300799369812,0.13,0.01,-0.2,0.23
10.654458999633789,0.2,-0.04,-0.09,0.22
10.663134098052979,0.15,-0.07,-0.09,0.18
10.672564029693604,0.0,-0.08,-0.09,0.12
10.68654203414917,-0.23,-0.04,0.11,0.25
10.692491054534912,-0.24,-0.02,0.11,0.26
10.704377889633179,-0.18,-0.07,0.06,0.2
10.71335506439209,-0.18,0.04,-0.09,0.2
10.722703218460083,-0.15,0.11,0.05,0.19
10.736704111099243,-0.14,0.08,0.09,0.18
10.742995023727417,-0.09,0.04,-0.04,0.1
10.754379987716675,0.04,-0.03,0.09,0.1
10.763113021850586,0.09,-0.03,0.07,0.11
10.772678136825562,0.05,-0.06,0.05,0.09
10.786490201950073,0.05,-0.02,-0.19,0.19
10.792667150497437,0.11,-0.06,-0.06,0.13
10.804679155349731,0.0,0.04,-0.15,0.15
10.813759088516235,-0.11,0.12,-0.13,0.2
10.822768926620483,-0.01,0.06,-0.05,0.07
10.836615085601807,0.17,0.04,-0.02,0.17
10.843203067779541,0.27,0.02,0.09,0.28
10.854496002197266,0.15,0.05,-0.06,0.16
10.86323094367981,-0.06,0.04,-0.01,0.07
10.872709035873413,-0.14,0.01,0.16,0.21
10.886669874191284,-0.1,-0.01,0.12,0.15
10.89270806312561,-0.04,-0.05,-0.03,0.07
10.904454946517944,-0.08,0.03,-0.08,0.11
10.91370415687561,-0.02,0.06,0.01,0.06
10.92288613319397,-0.11,0.03,0.09,0.14
10.936575174331665,-0.22,-0.1,0.17,0.29
10.943135023117065,-0.13,-0.04,-0.17,0.21
10.954432010650635,-0.12,0.0,-0.1,0.15
10.963268041610718,-0.01,-0.01,0.01,0.01
10.972771883010864,0.04,-0.04,-0.03,0.06
10.98670220375061,-0.01,-0.02,0.03,0.03
10.992613077163696,-0.08,-0.02,-0.01,0.08
11.004731893539429,-0.16,0.01,0.01,0.16
11.013740062713623,-0.08,0.06,-0.08,0.12
11.022847890853882,-0.06,0.07,-0.1,0.13
11.036818027496338,-0.08,0.01,0.03,0.08
11.0431969165802,-0.04,0.04,-0.04,0.06
11.05457091331482,0.0,0.05,-0.09,0.1
11.063456058502197,0.02,0.02,0.07,0.07
11.072898149490356,0.07,0.1,-0.08,0.14
11.086740016937256,-0.01,0.08,-0.05,0.09
11.09273099899292,-0.02,-0.03,0.18,0.18
11.104698896408081,-0.04,-0.05,0.04,0.07
11.113915205001831,0.0,0.0,-0.1,0.1
11.122828006744385,-0.01,0.01,-0.02,0.02
11.136619091033936,-0.02,-0.05,0.07,0.08
11.143026113510132,-0.11,-0.03,-0.03,0.11
11.15444016456604,-0.11,-0.07,0.1,0.16
11.163454055786133,-0.14,-0.03,-0.05,0.15
11.17288088798523,-0.04,0.05,0.02,0.06
11.188297033309937,0.03,0.01,0.09,0.09
11.19312596321106,-0.13,0.04,-0.07,0.15
11.204665899276733,-0.14,0.0,0.04,0.14
11.213747024536133,0.09,-0.06,0.04,0.11
11.223006963729858,0.06,0.08,-0.1,0.14
11.23854398727417,0.09,0.08,0.08,0.14
