time,gFx,gFy,gFz,ax,ay,az,wx,wy,wz,P
0.028,-0.02,1.00,0.06,0.74,-0.23,0.06,0.04,-0.15,0.10,1006.28
0.031,-0.02,1.00,0.06,0.74,-0.23,0.06,0.05,-0.14,-0.00,1006.28
0.066,-0.02,1.00,0.06,1.17,0.07,-0.06,0.05,-0.14,-0.00,1006.28
0.091,-0.05,1.01,0.07,1.17,0.07,-0.06,0.05,-0.14,-0.00,1006.28
0.094,-0.05,1.01,0.07,1.17,0.07,-0.06,-0.01,0.04,-0.03,1006.28
0.106,-0.05,1.01,0.07,0.74,0.22,0.02,-0.01,0.04,-0.03,1006.28
0.192,-0.16,0.99,0.08,0.74,0.22,0.02,-0.01,0.04,-0.03,1006.28
0.195,-0.16,0.99,0.08,0.74,0.22,0.02,0.04,-0.08,-0.01,1006.28
0.196,-0.16,0.99,0.08,0.74,0.22,0.02,0.04,-0.08,-0.01,1006.27
0.199,-0.16,0.99,0.08,-0.20,-0.01,0.10,0.04,-0.08,-0.01,1006.27
0.207,-0.13,0.99,0.07,-0.20,-0.01,0.10,0.04,-0.08,-0.01,1006.27
0.21,-0.13,0.99,0.07,-0.20,-0.01,0.10,0.03,0.00,0.01,1006.27
0.224,-0.13,0.99,0.07,0.03,-0.04,0.06,0.03,0.00,0.01,1006.27
0.271,-0.11,0.97,0.05,0.03,-0.04,0.06,0.03,0.00,0.01,1006.27
0.273,-0.11,0.97,0.05,0.03,-0.04,0.06,0.00,-0.07,0.02,1006.27
0.31,-0.11,0.97,0.05,0.20,-0.15,-0.10,0.00,-0.07,0.02,1006.27
0.333,-0.11,0.98,0.08,0.20,-0.15,-0.10,0.00,-0.07,0.02,1006.27
0.335,-0.11,0.98,0.08,0.20,-0.15,-0.10,0.01,0.00,-0.00,1006.27
0.336,-0.11,0.98,0.08,0.20,-0.15,-0.10,0.01,0.00,-0.00,1006.27
0.356,-0.11,0.98,0.08,0.19,-0.10,0.10,0.01,0.00,-0.00,1006.27
0.395,-0.11,1.01,0.07,0.19,-0.10,0.10,0.01,0.00,-0.00,1006.27
0.397,-0.11,1.01,0.07,0.19,-0.10,0.10,-0.02,0.03,0.00,1006.27
0.404,-0.11,1.01,0.07,0.22,0.23,-0.00,-0.02,0.03,0.00,1006.27
0.442,-0.14,0.97,0.06,0.22,0.23,-0.00,-0.02,0.03,0.00,1006.27
0.444,-0.14,0.97,0.06,0.22,0.23,-0.00,-0.01,0.07,-0.01,1006.27
0.477,-0.14,0.97,0.06,-0.08,-0.15,-0.09,-0.01,0.07,-0.01,1006.27
0.503,-0.13,0.98,0.05,-0.08,-0.15,-0.09,-0.01,0.07,-0.01,1006.27
0.505,-0.13,0.98,0.05,-0.08,-0.15,-0.09,-0.00,0.03,-0.01,1006.27
0.506,-0.13,0.98,0.05,-0.08,-0.15,-0.09,-0.00,0.03,-0.01,1006.27
0.53,-0.13,0.98,0.05,0.01,-0.06,-0.09,-0.00,0.03,-0.01,1006.27
0.593,-0.15,0.97,0.07,0.01,-0.06,-0.09,-0.00,0.03,-0.01,1006.27
0.596,-0.15,0.97,0.07,0.01,-0.06,-0.09,0.02,0.01,0.03,1006.27
0.598,-0.15,0.97,0.07,-0.11,-0.18,0.05,0.02,0.01,0.03,1006.27
0.653,-0.13,0.99,0.04,-0.11,-0.18,0.05,0.02,0.01,0.03,1006.27
0.656,-0.13,0.99,0.04,-0.11,-0.18,0.05,0.03,-0.03,0.06,1006.27
0.658,-0.13,0.99,0.04,0.01,0.02,-0.18,0.03,-0.03,0.06,1006.27
0.703,-0.20,0.98,0.04,0.01,0.02,-0.18,0.03,-0.03,0.06,1006.27
0.708,-0.20,0.98,0.04,0.01,0.02,-0.18,0.12,-0.04,0.18,1006.27
0.711,-0.20,0.98,0.04,0.01,0.02,-0.18,0.12,-0.04,0.18,1006.28
0.713,-0.20,0.98,0.04,-0.55,-0.10,-0.10,0.12,-0.04,0.18,1006.28
0.763,-0.46,0.81,-0.16,-0.55,-0.10,-0.10,0.12,-0.04,0.18,1006.28
0.765,-0.46,0.81,-0.16,-0.55,-0.10,-0.10,0.36,0.16,0.21,1006.28
0.767,-0.46,0.81,-0.16,-2.79,-1.66,-1.62,0.36,0.16,0.21,1006.28
0.807,-0.60,0.85,-0.16,-2.79,-1.66,-1.62,0.36,0.16,0.21,1006.28
0.81,-0.60,0.85,-0.16,-2.79,-1.66,-1.62,0.55,-0.68,0.03,1006.28
0.827,-0.60,0.85,-0.16,-2.88,-1.02,-1.08,0.55,-0.68,0.03,1006.28
0.862,-0.50,0.97,0.01,-2.88,-1.02,-1.08,0.55,-0.68,0.03,1006.28
0.864,-0.50,0.97,0.01,-2.88,-1.02,-1.08,0.73,-0.37,-0.85,1006.28
0.869,-0.50,0.97,0.01,-2.88,-1.02,-1.08,0.73,-0.37,-0.85,1006.29
0.894,-0.50,0.97,0.01,-1.38,0.31,0.60,0.73,-0.37,-0.85,1006.29
0.944,-0.45,1.05,-0.04,-1.38,0.31,0.60,0.73,-0.37,-0.85,1006.29
0.946,-0.45,1.05,-0.04,-1.38,0.31,0.60,0.89,-0.68,-1.30,1006.29
0.948,-0.45,1.05,-0.04,-0.35,1.35,0.34,0.89,-0.68,-1.30,1006.29
0.989,-0.41,1.10,-0.04,-0.35,1.35,0.34,0.89,-0.68,-1.30,1006.29
0.991,-0.41,1.10,-0.04,-0.35,1.35,0.34,0.92,-1.45,-1.34,1006.29
1.005,-0.41,1.10,-0.04,0.50,2.14,0.48,0.92,-1.45,-1.34,1006.29
1.053,-0.30,1.02,-0.03,0.50,2.14,0.48,0.92,-1.45,-1.34,1006.29
1.059,-0.30,1.02,-0.03,0.50,2.14,0.48,0.82,-2.53,-0.91,1006.29
1.061,-0.30,1.02,-0.03,0.50,2.14,0.48,0.82,-2.53,-0.91,1006.28
1.093,-0.30,1.02,-0.03,2.03,1.55,0.15,0.82,-2.53,-0.91,1006.28
1.103,-0.25,0.95,-0.01,2.03,1.55,0.15,0.82,-2.53,-0.91,1006.28
1.106,-0.25,0.95,-0.01,2.03,1.55,0.15,0.69,-2.89,-0.32,1006.28
1.142,-0.25,0.95,-0.01,2.19,0.65,-0.07,0.69,-2.89,-0.32,1006.28
1.182,-0.09,0.94,-0.03,2.19,0.65,-0.07,0.69,-2.89,-0.32,1006.28
1.186,-0.09,0.94,-0.03,2.19,0.65,-0.07,0.55,-2.43,0.19,1006.28
1.19,-0.09,0.94,-0.03,2.99,0.17,-0.50,0.55,-2.43,0.19,1006.28
1.227,-0.18,0.94,-0.09,2.99,0.17,-0.50,0.55,-2.43,0.19,1006.28
1.23,-0.18,0.94,-0.09,2.99,0.17,-0.50,0.40,-2.19,0.60,1006.28
1.231,-0.18,0.94,-0.09,2.99,0.17,-0.50,0.40,-2.19,0.60,1006.30
1.274,-0.18,0.94,-0.09,1.42,-0.10,-1.05,0.40,-2.19,0.60,1006.30
1.283,-0.15,0.87,-0.23,1.42,-0.10,-1.05,0.40,-2.19,0.60,1006.30
1.284,-0.15,0.87,-0.23,1.42,-0.10,-1.05,0.39,-2.59,0.96,1006.30
1.324,-0.15,0.87,-0.23,1.06,-0.96,-1.78,0.39,-2.59,0.96,1006.30
1.379,-0.24,0.91,-0.44,1.06,-0.96,-1.78,0.39,-2.59,0.96,1006.30
1.382,-0.24,0.91,-0.44,1.06,-0.96,-1.78,0.92,-4.42,1.36,1006.30
1.385,-0.24,0.91,-0.44,-0.30,-0.57,-2.71,0.92,-4.42,1.36,1006.30
1.403,-0.05,1.01,-0.22,-0.30,-0.57,-2.71,0.92,-4.42,1.36,1006.30
1.409,-0.05,1.01,-0.22,-0.30,-0.57,-2.71,1.07,-4.15,0.45,1006.30
1.411,-0.05,1.01,-0.22,-0.30,-0.57,-2.71,1.07,-4.15,0.45,1006.31
1.452,-0.05,1.01,-0.22,0.88,0.44,0.05,1.07,-4.15,0.45,1006.31
1.496,0.07,1.00,-0.03,0.88,0.44,0.05,1.07,-4.15,0.45,1006.31
1.498,0.07,1.00,-0.03,0.88,0.44,0.05,0.92,-0.74,-0.46,1006.31
1.5,0.07,1.00,-0.03,1.09,0.54,2.83,0.92,-0.74,-0.46,1006.31
1.525,0.96,1.51,1.10,1.09,0.54,2.83,0.92,-0.74,-0.46,1006.31
1.527,0.96,1.51,1.10,1.09,0.54,2.83,0.32,0.81,-0.56,1006.31
1.552,0.96,1.51,1.10,10.77,5.63,14.12,0.32,0.81,-0.56,1006.31
1.616,-1.91,0.44,-0.25,10.77,5.63,14.12,0.32,0.81,-0.56,1006.31
1.619,-1.91,0.44,-0.25,10.77,5.63,14.12,1.05,-1.12,0.07,1006.31
1.621,-1.91,0.44,-0.25,10.77,5.63,14.12,1.05,-1.12,0.07,1006.29
1.623,-1.91,0.44,-0.25,-17.03,-4.63,1.23,1.05,-1.12,0.07,1006.29
1.666,-0.11,1.08,-0.20,-17.03,-4.63,1.23,1.05,-1.12,0.07,1006.29
1.668,-0.11,1.08,-0.20,-17.03,-4.63,1.23,0.58,1.38,-0.71,1006.29
1.67,-0.11,1.08,-0.20,0.35,1.63,1.69,0.58,1.38,-0.71,1006.29
1.71,0.03,1.08,-0.25,0.35,1.63,1.69,0.58,1.38,-0.71,1006.29
1.712,0.03,1.08,-0.25,0.35,1.63,1.69,0.73,-0.28,-0.27,1006.29
1.728,0.03,1.08,-0.25,1.91,1.63,1.21,0.73,-0.28,-0.27,1006.29
1.768,-0.43,0.91,-0.22,1.91,1.63,1.21,0.73,-0.28,-0.27,1006.29
1.771,-0.43,0.91,-0.22,1.91,1.63,1.21,0.54,-0.34,-0.11,1006.29
1.773,-0.43,0.91,-0.22,1.91,1.63,1.21,0.54,-0.34,-0.11,1006.29
1.817,-0.43,0.91,-0.22,-1.94,0.08,1.29,0.54,-0.34,-0.11,1006.29
1.824,-0.33,0.93,-0.17,-1.94,0.08,1.29,0.54,-0.34,-0.11,1006.29
1.827,-0.33,0.93,-0.17,-1.94,0.08,1.29,0.59,-0.34,-0.06,1006.29
1.862,-0.33,0.93,-0.17,-0.79,0.27,1.71,0.59,-0.34,-0.06,1006.29
1.913,-0.33,0.91,-0.37,-0.79,0.27,1.71,0.59,-0.34,-0.06,1006.29
1.918,-0.33,0.91,-0.37,-0.79,0.27,1.71,0.39,-0.43,-0.05,1006.29
1.923,-0.33,0.91,-0.37,-0.64,0.18,-0.07,0.39,-0.43,-0.05,1006.29
1.985,-0.23,0.95,-0.26,-0.64,0.18,-0.07,0.39,-0.43,-0.05,1006.29
1.988,-0.23,0.95,-0.26,-0.64,0.18,-0.07,0.35,-0.59,-0.08,1006.29
1.99,-0.23,0.95,-0.26,-0.64,0.18,-0.07,0.35,-0.59,-0.08,1006.28
1.994,-0.23,0.95,-0.26,0.52,0.50,0.87,0.35,-0.59,-0.08,1006.28
2.023,-0.15,0.96,-0.25,0.52,0.50,0.87,0.35,-0.59,-0.08,1006.28
2.027,-0.15,0.96,-0.25,0.52,0.50,0.87,0.31,-0.25,-0.41,1006.28
2.029,-0.15,0.96,-0.25,1.35,0.62,0.91,0.31,-0.25,-0.41,1006.28
2.101,-0.37,0.90,-0.12,1.35,0.62,0.91,0.31,-0.25,-0.41,1006.28
2.103,-0.37,0.90,-0.12,1.35,0.62,0.91,0.33,-0.78,-0.32,1006.28
2.104,-0.37,0.90,-0.12,-0.45,0.37,2.59,0.33,-0.78,-0.32,1006.28
2.124,-0.36,1.04,-0.26,-0.45,0.37,2.59,0.33,-0.78,-0.32,1006.28
2.128,-0.36,1.04,-0.26,-0.45,0.37,2.59,0.25,-0.30,-0.68,1006.28
2.129,-0.36,1.04,-0.26,-0.45,0.37,2.59,0.25,-0.30,-0.68,1006.28
2.15,-0.36,1.04,-0.26,-0.22,1.62,0.90,0.25,-0.30,-0.68,1006.28
2.208,-0.27,1.04,-0.30,-0.22,1.62,0.90,0.25,-0.30,-0.68,1006.28
2.213,-0.27,1.04,-0.30,-0.22,1.62,0.90,0.30,-0.32,-0.97,1006.28
2.214,-0.27,1.04,-0.30,0.89,1.59,0.21,0.30,-0.32,-0.97,1006.28
2.262,-0.37,0.98,-0.25,0.89,1.59,0.21,0.30,-0.32,-0.97,1006.28
2.265,-0.37,0.98,-0.25,0.89,1.59,0.21,0.33,-0.58,-1.15,1006.28
2.267,-0.37,0.98,-0.25,0.22,1.05,0.45,0.33,-0.58,-1.15,1006.28
2.332,-0.16,1.34,-0.06,0.22,1.05,0.45,0.33,-0.58,-1.15,1006.28
2.335,-0.16,1.34,-0.06,0.22,1.05,0.45,0.59,-0.76,-1.81,1006.28
2.337,-0.16,1.34,-0.06,0.22,1.05,0.45,0.59,-0.76,-1.81,1006.28
2.339,-0.16,1.34,-0.06,2.11,4.35,1.66,0.59,-0.76,-1.81,1006.28
2.395,-0.07,1.44,-0.15,2.11,4.35,1.66,0.59,-0.76,-1.81,1006.28
2.398,-0.07,1.44,-0.15,2.11,4.35,1.66,1.58,-2.41,-1.81,1006.28
2.4,-0.07,1.44,-0.15,2.66,5.06,0.58,1.58,-2.41,-1.81,1006.28
2.448,-1.04,0.60,-0.71,2.66,5.06,0.58,1.58,-2.41,-1.81,1006.28
2.453,-1.04,0.60,-0.71,2.66,5.06,0.58,0.95,-1.06,-1.58,1006.28
2.455,-1.04,0.60,-0.71,-5.26,-2.03,-4.16,0.95,-1.06,-1.58,1006.28
2.506,0.21,0.50,0.02,-5.26,-2.03,-4.16,0.95,-1.06,-1.58,1006.28
2.509,0.21,0.50,0.02,-5.26,-2.03,-4.16,0.51,-1.79,1.19,1006.28
2.511,0.21,0.50,0.02,-5.26,-2.03,-4.16,0.51,-1.79,1.19,1006.28
2.513,0.21,0.50,0.02,5.69,-3.85,2.65,0.51,-1.79,1.19,1006.28
2.558,-0.21,0.57,-0.28,5.69,-3.85,2.65,0.51,-1.79,1.19,1006.28
2.56,-0.21,0.57,-0.28,5.69,-3.85,2.65,-0.25,1.65,2.63,1006.28
2.569,-0.21,0.57,-0.28,-0.08,-3.59,0.01,-0.25,1.65,2.63,1006.28
2.609,-0.39,0.76,-0.18,-0.08,-3.59,0.01,-0.25,1.65,2.63,1006.28
2.614,-0.39,0.76,-0.18,-0.08,-3.59,0.01,-0.73,1.28,4.21,1006.28
2.652,-0.39,0.76,-0.18,-3.48,-1.98,0.80,-0.73,1.28,4.21,1006.28
2.665,-0.37,1.12,-0.20,-3.48,-1.98,0.80,-0.73,1.28,4.21,1006.28
2.667,-0.37,1.12,-0.20,-3.48,-1.98,0.80,-0.68,0.21,5.31,1006.28
2.669,-0.37,1.12,-0.20,-3.48,-1.98,0.80,-0.68,0.21,5.31,1006.28
2.696,-0.37,1.12,-0.20,-4.33,1.36,0.00,-0.68,0.21,5.31,1006.28
2.731,-0.79,1.60,-0.16,-4.33,1.36,0.00,-0.68,0.21,5.31,1006.28
2.734,-0.79,1.60,-0.16,-4.33,1.36,0.00,-0.63,0.46,4.10,1006.28
2.746,-0.79,1.60,-0.16,-8.77,6.02,-0.17,-0.63,0.46,4.10,1006.28
2.788,-1.04,1.02,-0.20,-8.77,6.02,-0.17,-0.63,0.46,4.10,1006.28
2.791,-1.04,1.02,-0.20,-8.77,6.02,-0.17,0.12,0.76,0.27,1006.28
2.818,-1.04,1.02,-0.20,-10.20,0.27,-0.46,0.12,0.76,0.27,1006.28
2.844,-0.32,1.24,-0.23,-10.20,0.27,-0.46,0.12,0.76,0.27,1006.28
2.847,-0.32,1.24,-0.23,-10.20,0.27,-0.46,-0.77,0.23,-2.04,1006.28
2.848,-0.32,1.24,-0.23,-10.20,0.27,-0.46,-0.77,0.23,-2.04,1006.29
2.877,-0.32,1.24,-0.23,-1.66,2.66,-0.46,-0.77,0.23,-2.04,1006.29
2.955,-0.76,0.09,-0.78,-1.66,2.66,-0.46,-0.77,0.23,-2.04,1006.29
2.958,-0.76,0.09,-0.78,-1.66,2.66,-0.46,1.07,2.08,-3.34,1006.29
2.96,-0.76,0.09,-0.78,-2.99,-7.31,-4.56,1.07,2.08,-3.34,1006.29
2.967,-0.43,0.94,0.02,-2.99,-7.31,-4.56,1.07,2.08,-3.34,1006.29
2.972,-0.43,0.94,0.02,-2.99,-7.31,-4.56,0.78,-1.75,-1.28,1006.29
3.001,-0.43,0.94,0.02,0.96,1.23,2.50,0.78,-1.75,-1.28,1006.29
3.059,-0.10,1.04,-0.22,0.96,1.23,2.50,0.78,-1.75,-1.28,1006.29
3.062,-0.10,1.04,-0.22,0.96,1.23,2.50,0.24,0.18,-1.06,1006.29
3.066,-0.10,1.04,-0.22,0.96,1.23,2.50,0.24,0.18,-1.06,1006.30
3.069,-0.10,1.04,-0.22,3.79,1.98,0.16,0.24,0.18,-1.06,1006.30
3.102,-0.49,0.90,-0.25,3.79,1.98,0.16,0.24,0.18,-1.06,1006.30
3.105,-0.49,0.90,-0.25,3.79,1.98,0.16,0.17,-0.54,-0.36,1006.30
3.107,-0.49,0.90,-0.25,0.10,0.74,0.10,0.17,-0.54,-0.36,1006.30
3.145,-0.33,0.92,-0.28,0.10,0.74,0.10,0.17,-0.54,-0.36,1006.30
3.147,-0.33,0.92,-0.28,0.10,0.74,0.10,0.12,0.12,-0.54,1006.30
3.173,-0.33,0.92,-0.28,1.11,0.51,-0.24,0.12,0.12,-0.54,1006.30
3.205,-0.25,0.98,-0.18,1.11,0.51,-0.24,0.12,0.12,-0.54,1006.30
3.207,-0.25,0.98,-0.18,1.11,0.51,-0.24,0.20,-0.24,-0.35,1006.30
3.209,-0.25,0.98,-0.18,1.11,0.51,-0.24,0.20,-0.24,-0.35,1006.31
3.227,-0.25,0.98,-0.18,1.70,1.02,0.55,0.20,-0.24,-0.35,1006.31
3.272,-0.03,1.00,-0.24,1.70,1.02,0.55,0.20,-0.24,-0.35,1006.31
3.274,-0.03,1.00,-0.24,1.70,1.02,0.55,0.18,-0.56,-0.56,1006.31
3.312,-0.03,1.00,-0.24,3.40,1.02,-0.02,0.18,-0.56,-0.56,1006.31
3.324,-0.25,1.02,-0.26,3.40,1.02,-0.02,0.18,-0.56,-0.56,1006.31
3.327,-0.25,1.02,-0.26,3.40,1.02,-0.02,-0.04,0.03,-1.31,1006.31
3.366,-0.25,1.02,-0.26,1.49,1.35,-0.10,-0.04,0.03,-1.31,1006.31
3.408,-0.17,1.11,-0.07,1.49,1.35,-0.10,-0.04,0.03,-1.31,1006.31
3.41,-0.17,1.11,-0.07,1.49,1.35,-0.10,-0.06,-0.01,-1.72,1006.31
3.411,-0.17,1.11,-0.07,1.49,1.35,-0.10,-0.06,-0.01,-1.72,1006.31
3.413,-0.17,1.11,-0.07,2.48,2.22,1.41,-0.06,-0.01,-1.72,1006.31
3.445,-0.18,1.84,-0.30,2.48,2.22,1.41,-0.06,-0.01,-1.72,1006.31
3.446,-0.18,1.84,-0.30,2.48,2.22,1.41,0.18,-0.19,-2.58,1006.31
3.473,-0.18,1.84,-0.30,2.29,9.30,-0.96,0.18,-0.19,-2.58,1006.31
3.517,0.09,2.30,-0.27,2.29,9.30,-0.96,0.18,-0.19,-2.58,1006.31
3.519,0.09,2.30,-0.27,2.29,9.30,-0.96,0.89,-2.60,-2.99,1006.31
3.527,0.09,2.30,-0.27,4.75,13.72,-0.87,0.89,-2.60,-2.99,1006.31
3.568,-0.23,0.55,0.09,4.75,13.72,-0.87,0.89,-2.60,-2.99,1006.31
3.571,-0.23,0.55,0.09,4.75,13.72,-0.87,-0.05,1.15,-2.71,1006.31
3.573,-0.23,0.55,0.09,4.75,13.72,-0.87,-0.05,1.15,-2.71,1006.31
3.603,-0.23,0.55,0.09,1.83,-2.96,4.10,-0.05,1.15,-2.71,1006.31
3.626,0.03,0.40,-0.28,1.83,-2.96,4.10,-0.05,1.15,-2.71,1006.31
3.629,0.03,0.40,-0.28,1.83,-2.96,4.10,-0.49,0.92,0.79,1006.31
3.647,0.03,0.40,-0.28,3.40,-4.74,0.45,-0.49,0.92,0.79,1006.31
3.685,-0.30,0.39,-0.34,3.40,-4.74,0.45,-0.49,0.92,0.79,1006.31
3.688,-0.30,0.39,-0.34,3.40,-4.74,0.45,-0.84,2.14,3.11,1006.31
3.752,-0.30,0.39,-0.34,-0.61,-5.03,0.24,-0.84,2.14,3.11,1006.31
3.754,-0.48,0.57,-0.31,-0.61,-5.03,0.24,-0.84,2.14,3.11,1006.31
3.755,-0.48,0.57,-0.31,-0.61,-5.03,0.24,-0.75,0.24,5.15,1006.31
3.757,-0.48,0.57,-0.31,-0.61,-5.03,0.24,-0.75,0.24,5.15,1006.30
3.772,-0.48,0.57,-0.31,-3.48,-3.44,0.55,-0.75,0.24,5.15,1006.30
3.806,-0.30,1.42,-0.25,-3.48,-3.44,0.55,-0.75,0.24,5.15,1006.30
3.808,-0.30,1.42,-0.25,-3.48,-3.44,0.55,-0.27,0.71,5.72,1006.30
3.86,-0.30,1.42,-0.25,-5.43,4.85,0.31,-0.27,0.71,5.72,1006.30
3.866,-0.82,1.58,-0.07,-5.43,4.85,0.31,-0.27,0.71,5.72,1006.30
3.869,-0.82,1.58,-0.07,-5.43,4.85,0.31,-0.01,0.61,3.37,1006.30
3.915,-0.82,1.58,-0.07,-9.60,6.12,1.71,-0.01,0.61,3.37,1006.30
3.925,-0.99,1.10,-0.28,-9.60,6.12,1.71,-0.01,0.61,3.37,1006.30
3.928,-0.99,1.10,-0.28,-9.60,6.12,1.71,0.32,0.64,-0.96,1006.30
3.93,-0.99,1.10,-0.28,-9.60,6.12,1.71,0.32,0.64,-0.96,1006.29
3.989,-0.99,1.10,-0.28,-9.07,1.33,-0.40,0.32,0.64,-0.96,1006.29
3.994,1.19,2.00,1.96,-9.07,1.33,-0.40,0.32,0.64,-0.96,1006.29
3.996,1.19,2.00,1.96,-9.07,1.33,-0.40,-1.14,1.39,-0.87,1006.29
4.008,1.19,2.00,1.96,14.02,10.33,21.56,-1.14,1.39,-0.87,1006.29
4.046,-1.39,0.43,-0.64,14.02,10.33,21.56,-1.14,1.39,-0.87,1006.29
4.049,-1.39,0.43,-0.64,14.02,10.33,21.56,0.36,0.91,-3.44,1006.29
4.153,-1.39,0.43,-0.64,-9.70,-4.53,-3.95,0.36,0.91,-3.44,1006.29
4.159,-0.12,0.90,-0.10,-9.70,-4.53,-3.95,0.36,0.91,-3.44,1006.29
4.164,-0.12,0.90,-0.10,-9.70,-4.53,-3.95,0.67,-1.42,-1.23,1006.29
4.173,-0.12,0.90,-0.10,-9.70,-4.53,-3.95,0.67,-1.42,-1.23,1006.30
4.175,-0.12,0.90,-0.10,3.27,0.32,0.98,0.67,-1.42,-1.23,1006.30
4.177,-0.35,0.94,-0.25,3.27,0.32,0.98,0.67,-1.42,-1.23,1006.30
4.179,-0.35,0.94,-0.25,3.27,0.32,0.98,0.25,0.23,-1.02,1006.30
4.196,-0.35,0.94,-0.25,1.05,0.76,-0.36,0.25,0.23,-1.02,1006.30
4.226,-0.49,0.90,-0.26,1.05,0.76,-0.36,0.25,0.23,-1.02,1006.30
4.229,-0.49,0.90,-0.26,1.05,0.76,-0.36,0.16,-0.56,-0.20,1006.30
4.281,-0.49,0.90,-0.26,0.01,0.69,-0.05,0.16,-0.56,-0.20,1006.30
4.296,-0.39,0.91,-0.27,0.01,0.69,-0.05,0.16,-0.56,-0.20,1006.30
4.298,-0.39,0.91,-0.27,0.01,0.69,-0.05,0.06,0.10,-0.45,1006.30
4.3,-0.39,0.91,-0.27,0.01,0.69,-0.05,0.06,0.10,-0.45,1006.30
4.311,-0.39,0.91,-0.27,0.66,0.52,-0.32,0.06,0.10,-0.45,1006.30
4.353,-0.21,0.98,-0.27,0.66,0.52,-0.32,0.06,0.10,-0.45,1006.30
4.356,-0.21,0.98,-0.27,0.66,0.52,-0.32,0.06,-0.24,-0.33,1006.30
4.369,-0.21,0.98,-0.27,2.06,1.04,-0.40,0.06,-0.24,-0.33,1006.30
4.416,-0.03,0.99,-0.18,2.06,1.04,-0.40,0.06,-0.24,-0.33,1006.30
4.419,-0.03,0.99,-0.18,2.06,1.04,-0.40,0.12,-0.38,-0.69,1006.30
4.442,-0.03,0.99,-0.18,3.45,0.89,0.47,0.12,-0.38,-0.69,1006.30
4.503,-0.25,0.99,-0.23,3.45,0.89,0.47,0.12,-0.38,-0.69,1006.30
4.508,-0.25,0.99,-0.23,3.45,0.89,0.47,0.09,0.01,-1.47,1006.30
4.511,-0.25,0.99,-0.23,3.45,0.89,0.47,0.09,0.01,-1.47,1006.30
4.513,-0.25,0.99,-0.23,1.26,0.93,-0.05,0.09,0.01,-1.47,1006.30
4.526,-0.19,1.18,-0.09,1.26,0.93,-0.05,0.09,0.01,-1.47,1006.30
4.528,-0.19,1.18,-0.09,1.26,0.93,-0.05,0.23,-0.27,-2.02,1006.30
4.564,-0.19,1.18,-0.09,1.95,2.81,1.39,0.23,-0.27,-2.02,1006.30
4.597,-0.47,1.44,-0.39,1.95,2.81,1.39,0.23,-0.27,-2.02,1006.30
4.6,-0.47,1.44,-0.39,1.95,2.81,1.39,0.29,-0.53,-2.39,1006.30
4.624,-0.47,1.44,-0.39,-0.28,5.64,-1.50,0.29,-0.53,-2.39,1006.30
4.671,0.13,1.97,-0.28,-0.28,5.64,-1.50,0.29,-0.53,-2.39,1006.30
4.674,0.13,1.97,-0.28,-0.28,5.64,-1.50,0.63,-2.26,-2.46,1006.30
4.676,0.13,1.97,-0.28,-0.28,5.64,-1.50,0.63,-2.26,-2.46,1006.30
4.678,0.13,1.97,-0.28,4.93,10.41,-0.68,0.63,-2.26,-2.46,1006.30
4.727,-0.68,0.15,-0.39,4.93,10.41,-0.68,0.63,-2.26,-2.46,1006.30
4.73,-0.68,0.15,-0.39,4.93,10.41,-0.68,-0.26,0.73,-1.78,1006.30
4.732,-0.68,0.15,-0.39,-1.78,-6.65,-1.43,-0.26,0.73,-1.78,1006.30
4.77,-0.20,0.26,-0.32,-1.78,-6.65,-1.43,-0.26,0.73,-1.78,1006.30
4.773,-0.20,0.26,-0.32,-1.78,-6.65,-1.43,-0.30,0.77,0.95,1006.30
4.793,-0.20,0.26,-0.32,2.25,-5.80,-0.17,-0.30,0.77,0.95,1006.30
4.834,-0.50,0.52,-0.36,2.25,-5.80,-0.17,-0.30,0.77,0.95,1006.30
4.837,-0.50,0.52,-0.36,2.25,-5.80,-0.17,-0.13,0.98,2.96,1006.30
4.841,-0.50,0.52,-0.36,2.25,-5.80,-0.17,-0.13,0.98,2.96,1006.30
4.907,-0.50,0.52,-0.36,-1.84,-3.52,-0.03,-0.13,0.98,2.96,1006.30
4.911,-0.41,0.72,-0.30,-1.84,-3.52,-0.03,-0.13,0.98,2.96,1006.30
4.913,-0.41,0.72,-0.30,-1.84,-3.52,-0.03,0.06,-0.25,4.40,1006.30
4.915,-0.41,0.72,-0.30,-2.38,-1.95,0.45,0.06,-0.25,4.40,1006.30
4.963,-0.43,1.14,-0.29,-2.38,-1.95,0.45,0.06,-0.25,4.40,1006.30
4.966,-0.43,1.14,-0.29,-2.38,-1.95,0.45,0.39,-0.92,4.92,1006.30
4.97,-0.43,1.14,-0.29,-3.54,1.90,0.21,0.39,-0.92,4.92,1006.30
5.011,-0.71,1.25,-0.17,-3.54,1.90,0.21,0.39,-0.92,4.92,1006.30
5.014,-0.71,1.25,-0.17,-3.54,1.90,0.21,0.59,-1.58,4.07,1006.30
5.016,-0.71,1.25,-0.17,-3.54,1.90,0.21,0.59,-1.58,4.07,1006.30
5.044,-0.71,1.25,-0.17,-6.83,2.87,1.04,0.59,-1.58,4.07,1006.30
5.093,-0.88,1.05,0.02,-6.83,2.87,1.04,0.59,-1.58,4.07,1006.30
5.095,-0.88,1.05,0.02,-6.83,2.87,1.04,0.52,-0.40,0.88,1006.30
5.097,-0.88,1.05,0.02,-7.92,0.76,2.49,0.52,-0.40,0.88,1006.30
5.143,-0.75,1.24,0.27,-7.92,0.76,2.49,0.52,-0.40,0.88,1006.30
5.145,-0.75,1.24,0.27,-7.92,0.76,2.49,-0.69,-0.31,-2.52,1006.30
5.148,-0.75,1.24,0.27,-4.89,2.80,4.10,-0.69,-0.31,-2.52,1006.30
5.188,-0.48,1.26,0.12,-4.89,2.80,4.10,-0.69,-0.31,-2.52,1006.30
5.193,-0.48,1.26,0.12,-4.89,2.80,4.10,-0.69,2.65,-2.70,1006.30
5.194,-0.48,1.26,0.12,-4.89,2.80,4.10,-0.69,2.65,-2.70,1006.30
5.218,-0.48,1.26,0.12,-1.15,3.29,2.44,-0.69,2.65,-2.70,1006.30
5.264,-0.62,1.00,0.04,-1.15,3.29,2.44,-0.69,2.65,-2.70,1006.30
5.268,-0.62,1.00,0.04,-1.15,3.29,2.44,0.20,-0.28,-0.42,1006.30
5.27,-0.62,1.00,0.04,-2.25,0.84,1.73,0.20,-0.28,-0.42,1006.30
5.317,-0.22,0.89,-0.28,-2.25,0.84,1.73,0.20,-0.28,-0.42,1006.30
5.321,-0.22,0.89,-0.28,-2.25,0.84,1.73,-0.04,0.63,-0.50,1006.30
5.366,-0.22,0.89,-0.28,1.54,-0.19,-0.98,-0.04,0.63,-0.50,1006.30
5.369,-0.04,0.96,-0.32,1.54,-0.19,-0.98,-0.04,0.63,-0.50,1006.30
5.37,-0.04,0.96,-0.32,1.54,-0.19,-0.98,-0.02,-0.18,-0.13,1006.30
5.376,-0.04,0.96,-0.32,1.54,-0.19,-0.98,-0.02,-0.18,-0.13,1006.29
5.391,-0.04,0.96,-0.32,2.87,0.41,-1.06,-0.02,-0.18,-0.13,1006.29
5.427,-0.17,0.96,-0.27,2.87,0.41,-1.06,-0.02,-0.18,-0.13,1006.29
5.429,-0.17,0.96,-0.27,2.87,0.41,-1.06,-0.03,-0.20,-0.06,1006.29
5.481,-0.17,0.96,-0.27,1.17,0.26,-0.46,-0.03,-0.20,-0.06,1006.29
5.488,-0.14,0.95,-0.28,1.17,0.26,-0.46,-0.03,-0.20,-0.06,1006.29
5.49,-0.14,0.95,-0.28,1.17,0.26,-0.46,-0.00,-0.32,0.09,1006.29
5.542,-0.14,0.95,-0.28,1.15,0.12,-0.42,-0.00,-0.32,0.09,1006.29
5.547,-0.10,0.97,-0.26,1.15,0.12,-0.42,-0.00,-0.32,0.09,1006.29
5.549,-0.10,0.97,-0.26,1.15,0.12,-0.42,0.03,-0.60,0.08,1006.29
5.551,-0.10,0.97,-0.26,1.15,0.12,-0.42,0.03,-0.60,0.08,1006.28
5.597,-0.10,0.97,-0.26,1.23,0.21,-0.20,0.03,-0.60,0.08,1006.28
5.608,0.19,1.03,-0.14,1.23,0.21,-0.20,0.03,-0.60,0.08,1006.28
5.611,0.19,1.03,-0.14,1.23,0.21,-0.20,0.09,-0.44,-0.58,1006.28
5.651,0.19,1.03,-0.14,3.25,0.60,0.84,0.09,-0.44,-0.58,1006.28
5.707,-0.32,0.96,-0.31,3.25,0.60,0.84,0.09,-0.44,-0.58,1006.28
5.712,-0.32,0.96,-0.31,3.25,0.60,0.84,-0.03,-0.22,-0.57,1006.28
5.714,-0.32,0.96,-0.31,-0.81,0.14,-0.77,-0.03,-0.22,-0.57,1006.28
5.727,-0.33,0.94,-0.19,-0.81,0.14,-0.77,-0.03,-0.22,-0.57,1006.28
5.729,-0.33,0.94,-0.19,-0.81,0.14,-0.77,0.07,-0.56,-0.35,1006.28
5.731,-0.33,0.94,-0.19,-0.81,0.14,-0.77,0.07,-0.56,-0.35,1006.28
5.762,-0.33,0.94,-0.19,-0.45,0.07,0.22,0.07,-0.56,-0.35,1006.28
5.814,-0.48,0.95,-0.30,-0.45,0.07,0.22,0.07,-0.56,-0.35,1006.28
5.816,-0.48,0.95,-0.30,-0.45,0.07,0.22,0.28,-1.48,-0.02,1006.28
5.818,-0.48,0.95,-0.30,-1.39,0.27,-0.87,0.28,-1.48,-0.02,1006.28
5.862,-0.28,0.81,-0.63,-1.39,0.27,-0.87,0.28,-1.48,-0.02,1006.28
5.865,-0.28,0.81,-0.63,-1.39,0.27,-0.87,0.68,-2.32,0.53,1006.28
5.869,-0.28,0.81,-0.63,0.62,-0.87,-3.63,0.68,-2.32,0.53,1006.28
5.917,-0.35,0.89,-0.52,0.62,-0.87,-3.63,0.68,-2.32,0.53,1006.28
5.92,-0.35,0.89,-0.52,0.62,-0.87,-3.63,1.12,-4.00,0.86,1006.28
5.924,-0.35,0.89,-0.52,0.62,-0.87,-3.63,1.12,-4.00,0.86,1006.28
5.934,-0.35,0.89,-0.52,0.11,0.08,-2.14,1.12,-4.00,0.86,1006.28
5.969,-0.25,0.98,0.35,0.11,0.08,-2.14,1.12,-4.00,0.86,1006.28
5.973,-0.25,0.98,0.35,0.11,0.08,-2.14,0.69,-3.64,0.73,1006.28
6.014,-0.25,0.98,0.35,1.11,0.56,4.70,0.69,-3.64,0.73,1006.28
6.048,-0.59,0.96,0.02,1.11,0.56,4.70,0.69,-3.64,0.73,1006.28
6.051,-0.59,0.96,0.02,1.11,0.56,4.70,0.36,-2.98,0.47,1006.28
6.053,-0.59,0.96,0.02,-2.15,0.32,0.79,0.36,-2.98,0.47,1006.28
6.088,-0.14,0.94,-0.07,-2.15,0.32,0.79,0.36,-2.98,0.47,1006.28
6.09,-0.14,0.94,-0.07,-2.15,0.32,0.79,0.16,-4.14,1.06,1006.28
6.092,-0.14,0.94,-0.07,-2.15,0.32,0.79,0.16,-4.14,1.06,1006.28
6.112,-0.14,0.94,-0.07,1.77,-0.06,-0.52,0.16,-4.14,1.06,1006.28
6.151,-0.19,0.91,-0.25,1.77,-0.06,-0.52,0.16,-4.14,1.06,1006.28
6.153,-0.19,0.91,-0.25,1.77,-0.06,-0.52,0.25,-3.64,1.24,1006.28
6.236,-0.19,0.91,-0.25,-0.03,-0.71,-2.26,0.25,-3.64,1.24,1006.28
6.242,-0.20,0.87,-0.44,-0.03,-0.71,-2.26,0.25,-3.64,1.24,1006.28
6.253,-0.20,0.87,-0.44,-0.03,-0.71,-2.26,0.69,-4.80,1.38,1006.28
6.256,-0.20,0.87,-0.44,-0.56,-1.16,-3.31,0.69,-4.80,1.38,1006.28
6.268,-0.13,0.86,-0.39,-0.56,-1.16,-3.31,0.69,-4.80,1.38,1006.28
6.273,-0.13,0.86,-0.39,-0.56,-1.16,-3.31,0.91,-5.04,0.97,1006.28
6.276,-0.13,0.86,-0.39,-0.56,-1.16,-3.31,0.91,-5.04,0.97,1006.29
6.31,-0.13,0.86,-0.39,0.10,-1.09,-2.00,0.91,-5.04,0.97,1006.29
6.383,-0.24,0.97,-0.39,0.10,-1.09,-2.00,0.91,-5.04,0.97,1006.29
6.388,-0.24,0.97,-0.39,0.10,-1.09,-2.00,0.55,-3.29,-0.17,1006.29
6.39,-0.24,0.97,-0.39,-0.60,0.16,-1.60,0.55,-3.29,-0.17,1006.29
6.397,1.20,1.50,0.14,-0.60,0.16,-1.60,0.55,-3.29,-0.17,1006.29
6.401,1.20,1.50,0.14,-0.60,0.16,-1.60,-0.21,2.81,-0.60,1006.29
6.435,1.20,1.50,0.14,11.48,5.15,3.47,-0.21,2.81,-0.60,1006.29
6.511,-0.58,0.97,-0.09,11.48,5.15,3.47,-0.21,2.81,-0.60,1006.29
6.518,-0.58,0.97,-0.09,11.48,5.15,3.47,0.36,-0.24,-0.91,1006.29
6.52,-0.58,0.97,-0.09,11.48,5.15,3.47,0.36,-0.24,-0.91,1006.29
6.525,-0.58,0.97,-0.09,-4.09,-0.02,0.87,0.36,-0.24,-0.91,1006.29
6.526,-0.32,0.90,0.07,-4.09,-0.02,0.87,0.36,-0.24,-0.91,1006.29
6.53,-0.32,0.90,0.07,-4.09,-0.02,0.87,0.68,-0.09,-0.57,1006.29
6.532,-0.32,0.90,0.07,-0.80,-0.60,1.80,0.68,-0.09,-0.57,1006.29
6.588,-0.39,0.90,-0.37,-0.80,-0.60,1.80,0.68,-0.09,-0.57,1006.29
6.591,-0.39,0.90,-0.37,-0.80,-0.60,1.80,0.68,-0.46,-0.10,1006.29
6.593,-0.39,0.90,-0.37,-0.85,-0.24,-1.38,0.68,-0.46,-0.10,1006.29
6.64,-0.31,0.95,-0.29,-0.85,-0.24,-1.38,0.68,-0.46,-0.10,1006.29
6.643,-0.31,0.95,-0.29,-0.85,-0.24,-1.38,0.35,-0.08,0.02,1006.29
6.645,-0.31,0.95,-0.29,-0.85,-0.24,-1.38,0.35,-0.08,0.02,1006.30
6.669,-0.31,0.95,-0.29,-0.12,0.28,-0.42,0.35,-0.08,0.02,1006.30
6.71,-0.21,0.94,-0.29,-0.12,0.28,-0.42,0.35,-0.08,0.02,1006.30
6.713,-0.21,0.94,-0.29,-0.12,0.28,-0.42,0.31,-0.31,0.20,1006.30
6.715,-0.21,0.94,-0.29,0.67,0.13,-0.32,0.31,-0.31,0.20,1006.30
6.764,-0.23,0.94,-0.21,0.67,0.13,-0.32,0.31,-0.31,0.20,1006.30
6.768,-0.23,0.94,-0.21,0.67,0.13,-0.32,0.25,-0.28,0.13,1006.30
6.77,-0.23,0.94,-0.21,0.31,0.15,0.56,0.25,-0.28,0.13,1006.30
6.841,-0.13,0.98,-0.27,0.31,0.15,0.56,0.25,-0.28,0.13,1006.30
6.844,-0.13,0.98,-0.27,0.31,0.15,0.56,0.30,-0.33,0.02,1006.30
6.846,-0.13,0.98,-0.27,0.31,0.15,0.56,0.30,-0.33,0.02,1006.33
6.849,-0.13,0.98,-0.27,0.85,0.47,0.13,0.30,-0.33,0.02,1006.33
6.888,-0.03,0.97,-0.28,0.85,0.47,0.13,0.30,-0.33,0.02,1006.33
6.894,-0.03,0.97,-0.28,0.85,0.47,0.13,0.29,-0.54,-0.35,1006.33
6.897,-0.03,0.97,-0.28,1.64,0.34,0.08,0.29,-0.54,-0.35,1006.33
6.975,-0.20,0.97,-0.28,1.64,0.34,0.08,0.29,-0.54,-0.35,1006.33
6.981,-0.20,0.97,-0.28,1.64,0.34,0.08,0.32,-0.31,-0.67,1006.33
6.983,-0.20,0.97,-0.28,0.21,0.36,0.15,0.32,-0.31,-0.67,1006.33
6.988,-0.25,0.96,-0.26,0.21,0.36,0.15,0.32,-0.31,-0.67,1006.33
6.989,-0.25,0.96,-0.26,0.21,0.36,0.15,0.42,-0.13,-0.90,1006.33
6.992,-0.25,0.96,-0.26,0.21,0.36,0.15,0.42,-0.13,-0.90,1006.32
7.012,-0.25,0.96,-0.26,0.13,0.37,0.31,0.42,-0.13,-0.90,1006.32
7.088,-0.22,1.05,-0.13,0.13,0.37,0.31,0.42,-0.13,-0.90,1006.32
7.091,-0.22,1.05,-0.13,0.13,0.37,0.31,0.53,-0.52,-1.04,1006.32
7.092,-0.22,1.05,-0.13,1.13,1.57,1.70,0.53,-0.52,-1.04,1006.32
7.12,-0.41,1.14,-0.47,1.13,1.57,1.70,0.53,-0.52,-1.04,1006.32
7.123,-0.41,1.14,-0.47,1.13,1.57,1.70,0.76,-0.72,-1.38,1006.32
7.132,-0.41,1.14,-0.47,-0.17,2.76,-1.46,0.76,-0.72,-1.38,1006.32
7.183,-0.36,1.40,-0.21,-0.17,2.76,-1.46,0.76,-0.72,-1.38,1006.32
7.185,-0.36,1.40,-0.21,-0.17,2.76,-1.46,1.24,-1.87,-1.64,1006.32
7.19,-0.36,1.40,-0.21,-0.17,2.76,-1.46,1.24,-1.87,-1.64,1006.32
7.192,-0.36,1.40,-0.21,0.85,5.39,0.76,1.24,-1.87,-1.64,1006.32
7.244,0.11,1.10,-0.16,0.85,5.39,0.76,1.24,-1.87,-1.64,1006.32
7.246,0.11,1.10,-0.16,0.85,5.39,0.76,1.52,-3.21,-1.23,1006.32
7.255,0.11,1.10,-0.16,5.14,2.25,0.95,1.52,-3.21,-1.23,1006.32
7.298,-0.49,0.65,-0.54,5.14,2.25,0.95,1.52,-3.21,-1.23,1006.32
7.301,-0.49,0.65,-0.54,5.14,2.25,0.95,0.73,-2.87,0.79,1006.32
7.312,-0.49,0.65,-0.54,-0.78,-2.12,-2.38,0.73,-2.87,0.79,1006.32
7.382,0.35,0.58,-0.02,-0.78,-2.12,-2.38,0.73,-2.87,0.79,1006.32
7.392,0.35,0.58,-0.02,-0.78,-2.12,-2.38,0.55,-0.52,2.00,1006.32
7.4,0.35,0.58,-0.02,-0.78,-2.12,-2.38,0.55,-0.52,2.00,1006.32
7.405,0.35,0.58,-0.02,6.07,-3.41,2.35,0.55,-0.52,2.00,1006.32
7.42,-0.32,0.81,-0.21,6.07,-3.41,2.35,0.55,-0.52,2.00,1006.32
7.423,-0.32,0.81,-0.21,6.07,-3.41,2.35,0.20,1.10,3.30,1006.32
7.433,-0.32,0.81,-0.21,-1.51,-1.37,0.74,0.20,1.10,3.30,1006.32
7.475,-0.35,0.92,-0.16,-1.51,-1.37,0.74,0.20,1.10,3.30,1006.32
7.478,-0.35,0.92,-0.16,-1.51,-1.37,0.74,-0.04,0.31,4.37,1006.32
7.525,-0.35,0.92,-0.16,-3.10,-0.41,1.10,-0.04,0.31,4.37,1006.32
7.533,-0.54,1.30,-0.11,-3.10,-0.41,1.10,-0.04,0.31,4.37,1006.32
7.538,-0.54,1.30,-0.11,-3.10,-0.41,1.10,-0.14,-0.62,5.00,1006.32
7.543,-0.54,1.30,-0.11,-3.10,-0.41,1.10,-0.14,-0.62,5.00,1006.30
7.555,-0.54,1.30,-0.11,-7.51,3.34,0.73,-0.14,-0.62,5.00,1006.30
7.591,-0.89,1.17,0.05,-7.51,3.34,0.73,-0.14,-0.62,5.00,1006.30
7.594,-0.89,1.17,0.05,-7.51,3.34,0.73,-0.19,0.49,2.58,1006.30
7.667,-0.89,1.17,0.05,-7.39,1.73,1.01,-0.19,0.49,2.58,1006.30
7.669,-1.22,0.96,-0.27,-7.39,1.73,1.01,-0.19,0.49,2.58,1006.30
7.671,-1.22,0.96,-0.27,-7.39,1.73,1.01,0.01,0.75,-1.71,1006.30
7.673,-1.22,0.96,-0.27,-8.10,0.42,-1.70,0.01,0.75,-1.71,1006.30
7.709,1.05,1.87,1.29,-8.10,0.42,-1.70,0.01,0.75,-1.71,1006.30
7.711,1.05,1.87,1.29,-8.10,0.42,-1.70,0.31,1.62,-2.39,1006.30
7.713,1.05,1.87,1.29,-8.10,0.42,-1.70,0.31,1.62,-2.39,1006.28
7.755,1.05,1.87,1.29,14.04,9.47,14.43,0.31,1.62,-2.39,1006.28
7.798,-1.05,1.31,0.24,14.04,9.47,14.43,0.31,1.62,-2.39,1006.28
7.802,-1.05,1.31,0.24,14.04,9.47,14.43,0.23,-0.36,-1.20,1006.28
7.804,-1.05,1.31,0.24,-4.89,4.83,4.13,0.23,-0.36,-1.20,1006.28
7.83,-0.26,1.02,-0.24,-4.89,4.83,4.13,0.23,-0.36,-1.20,1006.28
7.833,-0.26,1.02,-0.24,-4.89,4.83,4.13,0.16,-0.03,-0.97,1006.28
7.861,-0.26,1.02,-0.24,2.52,1.82,-0.36,0.16,-0.03,-0.97,1006.28
7.941,-0.24,0.94,-0.28,2.52,1.82,-0.36,0.16,-0.03,-0.97,1006.28
7.946,-0.24,0.94,-0.28,2.52,1.82,-0.36,0.14,-0.15,-0.76,1006.28
7.95,-0.24,0.94,-0.28,2.52,1.82,-0.36,0.14,-0.15,-0.76,1006.27
7.959,-0.24,0.94,-0.28,2.58,1.11,-0.38,0.14,-0.15,-0.76,1006.27
7.963,-0.07,0.97,-0.20,2.58,1.11,-0.38,0.14,-0.15,-0.76,1006.27
7.967,-0.07,0.97,-0.20,2.58,1.11,-0.38,0.03,-0.14,-0.52,1006.27
7.977,-0.07,0.97,-0.20,3.74,1.09,0.30,0.03,-0.14,-0.52,1006.27
8.026,-0.16,0.98,-0.27,3.74,1.09,0.30,0.03,-0.14,-0.52,1006.27
8.03,-0.16,0.98,-0.27,3.74,1.09,0.30,0.04,-0.24,-0.52,1006.27
8.033,-0.16,0.98,-0.27,2.54,0.97,-0.31,0.04,-0.24,-0.52,1006.27
8.094,-0.12,0.96,-0.16,2.54,0.97,-0.31,0.04,-0.24,-0.52,1006.27
8.097,-0.12,0.96,-0.16,2.54,0.97,-0.31,0.04,-0.15,-0.81,1006.27
8.099,-0.12,0.96,-0.16,2.54,0.97,-0.31,0.04,-0.15,-0.81,1006.27
8.104,-0.12,0.96,-0.16,2.67,0.64,0.80,0.04,-0.15,-0.81,1006.27
8.13,-0.17,1.00,-0.23,2.67,0.64,0.80,0.04,-0.15,-0.81,1006.27
8.133,-0.17,1.00,-0.23,2.67,0.64,0.80,0.10,0.02,-1.35,1006.27
8.176,-0.17,1.00,-0.23,2.11,1.11,0.05,0.10,0.02,-1.35,1006.27
8.23,-0.22,1.07,-0.29,2.11,1.11,0.05,0.10,0.02,-1.35,1006.27
8.234,-0.22,1.07,-0.29,2.11,1.11,0.05,-0.01,-0.13,-1.69,1006.27
8.237,-0.22,1.07,-0.29,1.66,1.74,-0.47,-0.01,-0.13,-1.69,1006.27
8.251,-0.35,1.36,-0.29,1.66,1.74,-0.47,-0.01,-0.13,-1.69,1006.27
8.254,-0.35,1.36,-0.29,1.66,1.74,-0.47,0.03,-0.07,-2.22,1006.27
8.256,-0.35,1.36,-0.29,1.66,1.74,-0.47,0.03,-0.07,-2.22,1006.28
8.282,-0.35,1.36,-0.29,0.48,4.64,-0.60,0.03,-0.07,-2.22,1006.28
8.324,0.11,2.03,-0.28,0.48,4.64,-0.60,0.03,-0.07,-2.22,1006.28
8.327,0.11,2.03,-0.28,0.48,4.64,-0.60,0.63,-2.12,-2.67,1006.28
8.333,0.11,2.03,-0.28,5.41,11.33,-0.53,0.63,-2.12,-2.67,1006.28
8.376,0.71,0.74,-0.18,5.41,11.33,-0.53,0.63,-2.12,-2.67,1006.28
8.386,0.71,0.74,-0.18,5.41,11.33,-0.53,0.37,-0.63,-1.49,1006.28
8.426,0.71,0.74,-0.18,11.60,-1.17,0.12,0.37,-0.63,-1.49,1006.28
8.431,0.29,0.96,0.08,11.60,-1.17,0.12,0.37,-0.63,-1.49,1006.28
8.434,0.29,0.96,0.08,11.60,-1.17,0.12,-0.04,-0.58,1.28,1006.28
8.436,0.29,0.96,0.08,11.60,-1.17,0.12,-0.04,-0.58,1.28,1006.28
8.454,0.29,0.96,0.08,7.59,1.30,3.50,-0.04,-0.58,1.28,1006.28
8.489,0.14,0.42,-0.30,7.59,1.30,3.50,-0.04,-0.58,1.28,1006.28
8.491,0.14,0.42,-0.30,7.59,1.30,3.50,-0.52,2.92,2.54,1006.28
8.52,0.14,0.42,-0.30,4.10,-4.69,0.50,-0.52,2.92,2.54,1006.28
8.553,-0.62,0.60,-0.42,4.10,-4.69,0.50,-0.52,2.92,2.54,1006.28
8.555,-0.62,0.60,-0.42,4.10,-4.69,0.50,-0.92,1.16,4.45,1006.28
8.584,-0.62,0.60,-0.42,-4.83,-3.14,-0.58,-0.92,1.16,4.45,1006.28
8.664,-0.36,1.07,-0.38,-4.83,-3.14,-0.58,-0.92,1.16,4.45,1006.28
8.667,-0.36,1.07,-0.38,-4.83,-3.14,-0.58,-0.65,0.25,5.40,1006.28
8.67,-0.36,1.07,-0.38,-4.83,-3.14,-0.58,-0.65,0.25,5.40,1006.29
8.674,-0.36,1.07,-0.38,-4.34,1.24,-0.54,-0.65,0.25,5.40,1006.29
8.676,-0.79,1.50,-0.16,-4.34,1.24,-0.54,-0.65,0.25,5.40,1006.29
8.678,-0.79,1.50,-0.16,-4.34,1.24,-0.54,-0.16,-0.08,4.28,1006.29
8.724,-0.79,1.50,-0.16,-7.04,5.12,0.31,-0.16,-0.08,4.28,1006.29
8.73,-1.15,1.06,-0.02,-7.04,5.12,0.31,-0.16,-0.08,4.28,1006.29
8.732,-1.15,1.06,-0.02,-7.04,5.12,0.31,0.25,1.04,-0.38,1006.29
8.79,-1.15,1.06,-0.02,-8.49,1.16,1.68,0.25,1.04,-0.38,1006.29
8.795,1.13,2.35,0.77,-8.49,1.16,1.68,0.25,1.04,-0.38,1006.29
8.797,1.13,2.35,0.77,-8.49,1.16,1.68,0.05,0.49,-1.89,1006.29
8.799,1.13,2.35,0.77,-8.49,1.16,1.68,0.05,0.49,-1.89,1006.30
8.844,1.13,2.35,0.77,15.05,14.28,9.78,0.05,0.49,-1.89,1006.30
8.86,-0.70,0.14,-1.82,15.05,14.28,9.78,0.05,0.49,-1.89,1006.30
8.862,-0.70,0.14,-1.82,15.05,14.28,9.78,1.09,0.20,-2.44,1006.30
8.904,-0.70,0.14,-1.82,-1.72,-6.68,-15.40,1.09,0.20,-2.44,1006.30
8.913,-0.56,0.78,0.16,-1.72,-6.68,-15.40,1.09,0.20,-2.44,1006.30
8.915,-0.56,0.78,0.16,-1.72,-6.68,-15.40,0.22,-0.13,-1.20,1006.30
8.947,-0.56,0.78,0.16,0.30,0.17,4.19,0.22,-0.13,-1.20,1006.30
9.03,-0.31,1.03,-0.30,0.30,0.17,4.19,0.22,-0.13,-1.20,1006.30
9.033,-0.31,1.03,-0.30,0.30,0.17,4.19,0.18,0.26,-0.77,1006.30
9.035,-0.31,1.03,-0.30,0.30,0.17,4.19,0.18,0.26,-0.77,1006.31
9.037,-0.31,1.03,-0.30,2.54,2.53,-0.10,0.18,0.26,-0.77,1006.31
9.042,-0.28,0.92,-0.21,2.54,2.53,-0.10,0.18,0.26,-0.77,1006.31
9.044,-0.28,0.92,-0.21,2.54,2.53,-0.10,0.12,-0.47,-0.16,1006.31
9.067,-0.28,0.92,-0.21,2.48,1.11,0.62,0.12,-0.47,-0.16,1006.31
9.14,-0.26,0.92,-0.26,2.48,1.11,0.62,0.12,-0.47,-0.16,1006.31
9.143,-0.26,0.92,-0.26,2.48,1.11,0.62,0.12,-0.40,-0.27,1006.31
9.145,-0.26,0.92,-0.26,2.15,0.86,0.01,0.12,-0.40,-0.27,1006.31
9.15,-0.10,0.98,-0.19,2.15,0.86,0.01,0.12,-0.40,-0.27,1006.31
9.151,-0.10,0.98,-0.19,2.15,0.86,0.01,0.10,-0.22,-0.62,1006.31
9.159,-0.10,0.98,-0.19,2.15,0.86,0.01,0.10,-0.22,-0.62,1006.31
9.179,-0.10,0.98,-0.19,2.83,0.88,0.51,0.10,-0.22,-0.62,1006.31
9.214,-0.12,1.05,-0.22,2.83,0.88,0.51,0.10,-0.22,-0.62,1006.31
9.217,-0.12,1.05,-0.22,2.83,0.88,0.51,0.12,0.07,-1.26,1006.31
9.275,-0.12,1.05,-0.22,2.42,1.50,0.15,0.12,0.07,-1.26,1006.31
9.278,-0.19,1.12,-0.10,2.42,1.50,0.15,0.12,0.07,-1.26,1006.31
9.28,-0.19,1.12,-0.10,2.42,1.50,0.15,0.16,-0.08,-1.70,1006.31
9.295,-0.19,1.12,-0.10,1.84,2.08,1.13,0.16,-0.08,-1.70,1006.31
9.33,-0.35,1.23,-0.25,1.84,2.08,1.13,0.16,-0.08,-1.70,1006.31
9.332,-0.35,1.23,-0.25,1.84,2.08,1.13,0.19,-0.44,-2.23,1006.31
9.335,-0.35,1.23,-0.25,1.84,2.08,1.13,0.19,-0.44,-2.23,1006.30
9.392,-0.35,1.23,-0.25,0.60,3.40,-0.34,0.19,-0.44,-2.23,1006.30
9.396,-0.15,1.74,-0.43,0.60,3.40,-0.34,0.19,-0.44,-2.23,1006.30
9.398,-0.15,1.74,-0.43,0.60,3.40,-0.34,0.58,-1.69,-2.60,1006.30
9.436,-0.15,1.74,-0.43,2.62,8.33,-2.21,0.58,-1.69,-2.60,1006.30
9.452,0.48,0.69,-0.52,2.62,8.33,-2.21,0.58,-1.69,-2.60,1006.30
9.455,0.48,0.69,-0.52,2.62,8.33,-2.21,0.24,-1.17,-0.97,1006.30
9.478,0.48,0.69,-0.52,7.91,-2.27,-2.91,0.24,-1.17,-0.97,1006.30
9.57,0.38,0.88,0.04,7.91,-2.27,-2.91,0.24,-1.17,-0.97,1006.30
9.574,0.38,0.88,0.04,7.91,-2.27,-2.91,-0.06,-1.40,1.98,1006.30
9.577,0.38,0.88,0.04,7.91,-2.27,-2.91,-0.06,-1.40,1.98,1006.29
9.579,0.38,0.88,0.04,7.18,-0.25,2.68,-0.06,-1.40,1.98,1006.29
9.582,0.15,0.46,-0.20,7.18,-0.25,2.68,-0.06,-1.40,1.98,1006.29
9.584,0.15,0.46,-0.20,7.18,-0.25,2.68,-0.24,2.97,2.42,1006.29
9.613,0.15,0.46,-0.20,3.54,-4.74,0.64,-0.24,2.97,2.42,1006.29
9.662,-0.54,0.69,-0.27,3.54,-4.74,0.64,-0.24,2.97,2.42,1006.29
9.665,-0.54,0.69,-0.27,3.54,-4.74,0.64,-0.50,1.27,4.02,1006.29
9.667,-0.54,0.69,-0.27,-4.12,-2.55,0.28,-0.50,1.27,4.02,1006.29
9.696,-0.35,1.03,-0.41,-4.12,-2.55,0.28,-0.50,1.27,4.02,1006.29
9.698,-0.35,1.03,-0.41,-4.12,-2.55,0.28,-0.53,-0.05,5.03,1006.29
9.7,-0.35,1.03,-0.41,-4.12,-2.55,0.28,-0.53,-0.05,5.03,1006.29
9.726,-0.35,1.03,-0.41,-3.70,0.75,-1.12,-0.53,-0.05,5.03,1006.29
9.807,-0.73,1.32,-0.34,-3.70,0.75,-1.12,-0.53,-0.05,5.03,1006.29
9.817,-0.73,1.32,-0.34,-3.70,0.75,-1.12,-0.02,-0.68,4.90,1006.29
9.82,-0.73,1.32,-0.34,-8.04,3.43,-0.95,-0.02,-0.68,4.90,1006.29
9.824,-0.99,1.04,-0.05,-8.04,3.43,-0.95,-0.02,-0.68,4.90,1006.29
9.83,-0.99,1.04,-0.05,-8.04,3.43,-0.95,0.27,0.47,1.52,1006.29
9.871,-0.99,1.04,-0.05,-7.48,0.76,0.77,0.27,0.47,1.52,1006.29
9.875,-1.02,0.92,-0.24,-7.48,0.76,0.77,0.27,0.47,1.52,1006.29
9.877,-1.02,0.92,-0.24,-7.48,0.76,0.77,0.21,1.19,-2.44,1006.29
9.88,-1.02,0.92,-0.24,-7.48,0.76,0.77,0.21,1.19,-2.44,1006.29
9.968,-1.02,0.92,-0.24,-5.19,0.67,-0.55,0.21,1.19,-2.44,1006.29
9.975,1.84,2.49,1.81,-5.19,0.67,-0.55,0.21,1.19,-2.44,1006.29
9.986,1.84,2.49,1.81,-5.19,0.67,-0.55,0.19,-1.65,0.15,1006.29
9.988,1.84,2.49,1.81,23.20,16.18,19.35,0.19,-1.65,0.15,1006.29
9.993,-1.94,1.50,1.03,23.20,16.18,19.35,0.19,-1.65,0.15,1006.29
9.995,-1.94,1.50,1.03,23.20,16.18,19.35,0.19,0.73,-1.73,1006.29
10.025,-1.94,1.50,1.03,-12.76,7.39,12.14,0.19,0.73,-1.73,1006.29
10.084,0.03,1.09,-0.11,-12.76,7.39,12.14,0.19,0.73,-1.73,1006.29
10.087,0.03,1.09,-0.11,-12.76,7.39,12.14,0.40,-0.57,-0.88,1006.29
10.089,0.03,1.09,-0.11,-12.76,7.39,12.14,0.40,-0.57,-0.88,1006.29
10.096,0.03,1.09,-0.11,5.65,2.85,1.29,0.40,-0.57,-0.88,1006.29
10.124,-0.57,0.87,-0.48,5.65,2.85,1.29,0.40,-0.57,-0.88,1006.29
10.126,-0.57,0.87,-0.48,5.65,2.85,1.29,0.17,-0.26,-0.69,1006.29
10.151,-0.57,0.87,-0.48,-0.30,0.82,-1.66,0.17,-0.26,-0.69,1006.29
10.196,-0.07,0.96,-0.21,-0.30,0.82,-1.66,0.17,-0.26,-0.69,1006.29
10.198,-0.07,0.96,-0.21,-0.30,0.82,-1.66,0.03,0.05,-0.61,1006.29
10.2,-0.07,0.96,-0.21,3.71,1.15,0.64,0.03,0.05,-0.61,1006.29
10.234,-0.14,0.94,-0.25,3.71,1.15,0.64,0.03,0.05,-0.61,1006.29
10.237,-0.14,0.94,-0.25,3.71,1.15,0.64,0.07,-0.41,-0.47,1006.29
10.238,-0.14,0.94,-0.25,3.71,1.15,0.64,0.07,-0.41,-0.47,1006.28
10.288,-0.14,0.94,-0.25,2.83,0.77,0.28,0.07,-0.41,-0.47,1006.28
10.293,-0.25,0.94,-0.21,2.83,0.77,0.28,0.07,-0.41,-0.47,1006.28
10.302,-0.25,0.94,-0.21,2.83,0.77,0.28,0.11,-0.25,-0.58,1006.28
10.334,-0.25,0.94,-0.21,1.60,0.68,0.45,0.11,-0.25,-0.58,1006.28
10.403,-0.07,1.03,-0.25,1.60,0.68,0.45,0.11,-0.25,-0.58,1006.28
10.406,-0.07,1.03,-0.25,1.60,0.68,0.45,0.12,-0.20,-1.05,1006.28
10.409,-0.07,1.03,-0.25,3.12,1.42,0.04,0.12,-0.20,-1.05,1006.28
10.413,-0.25,1.05,-0.21,3.12,1.42,0.04,0.12,-0.20,-1.05,1006.28
10.415,-0.25,1.05,-0.21,3.12,1.42,0.04,0.05,-0.14,-1.56,1006.28
10.416,-0.25,1.05,-0.21,3.12,1.42,0.04,0.05,-0.14,-1.56,1006.29
10.438,-0.25,1.05,-0.21,1.55,1.71,0.37,0.05,-0.14,-1.56,1006.29
10.516,-0.32,1.41,-0.39,1.55,1.71,0.37,0.05,-0.14,-1.56,1006.29
10.518,-0.32,1.41,-0.39,1.55,1.71,0.37,-0.03,-0.24,-1.93,1006.29
10.52,-0.32,1.41,-0.39,1.26,5.37,-1.40,-0.03,-0.24,-1.93,1006.29
10.557,-0.09,1.76,-0.42,1.26,5.37,-1.40,-0.03,-0.24,-1.93,1006.29
10.56,-0.09,1.76,-0.42,1.26,5.37,-1.40,0.16,-1.06,-2.42,1006.29
10.562,-0.09,1.76,-0.42,2.37,8.20,-2.14,0.16,-1.06,-2.42,1006.29
10.603,0.20,0.81,-0.14,2.37,8.20,-2.14,0.16,-1.06,-2.42,1006.29
10.605,0.20,0.81,-0.14,2.37,8.20,-2.14,0.16,-0.62,-1.39,1006.29
10.608,0.20,0.81,-0.14,2.37,8.20,-2.14,0.16,-0.62,-1.39,1006.29
10.633,0.20,0.81,-0.14,5.27,-1.06,0.66,0.16,-0.62,-1.39,1006.29
10.679,-1.19,0.44,-0.45,5.27,-1.06,0.66,0.16,-0.62,-1.39,1006.29
10.684,-1.19,0.44,-0.45,5.27,-1.06,0.66,-0.09,-2.23,0.94,1006.29
10.686,-1.19,0.44,-0.45,-6.38,-3.42,-1.60,-0.09,-2.23,0.94,1006.29
10.725,0.34,0.31,-0.18,-6.38,-3.42,-1.60,-0.09,-2.23,0.94,1006.29
10.727,0.34,0.31,-0.18,-6.38,-3.42,-1.60,-0.06,1.84,2.03,1006.29
10.764,0.34,0.31,-0.18,7.28,-5.74,0.37,-0.06,1.84,2.03,1006.29
10.773,-0.65,0.71,-0.41,7.28,-5.74,0.37,-0.06,1.84,2.03,1006.29
10.774,-0.65,0.71,-0.41,7.28,-5.74,0.37,-0.21,2.20,3.07,1006.29
10.776,-0.65,0.71,-0.41,7.28,-5.74,0.37,-0.21,2.20,3.07,1006.29
10.817,-0.65,0.71,-0.41,-4.79,-2.22,-0.99,-0.21,2.20,3.07,1006.29
10.833,-0.50,0.85,-0.44,-4.79,-2.22,-0.99,-0.21,2.20,3.07,1006.29
10.834,-0.50,0.85,-0.44,-4.79,-2.22,-0.99,-0.30,-0.06,4.55,1006.29
10.887,-0.50,0.85,-0.44,-4.78,-0.97,-1.10,-0.30,-0.06,4.55,1006.29
10.894,-0.63,1.22,-0.18,-4.78,-0.97,-1.10,-0.30,-0.06,4.55,1006.29
10.896,-0.63,1.22,-0.18,-4.78,-0.97,-1.10,0.53,-1.55,4.89,1006.29
10.914,-0.63,1.22,-0.18,-7.03,2.70,1.24,0.53,-1.55,4.89,1006.29
10.955,-0.71,1.27,0.01,-7.03,2.70,1.24,0.53,-1.55,4.89,1006.29
10.957,-0.71,1.27,0.01,-7.03,2.70,1.24,0.61,-2.46,2.74,1006.29
10.959,-0.71,1.27,0.01,-7.03,2.70,1.24,0.61,-2.46,2.74,1006.29
11.009,-0.71,1.27,0.01,-5.99,2.89,2.30,0.61,-2.46,2.74,1006.29
11.013,-0.91,1.04,0.18,-5.99,2.89,2.30,0.61,-2.46,2.74,1006.29
11.016,-0.91,1.04,0.18,-5.99,2.89,2.30,0.61,-0.66,-1.71,1006.29
11.054,-0.91,1.04,0.18,-6.05,0.86,3.23,0.61,-0.66,-1.71,1006.29
11.073,1.32,1.62,0.18,-6.05,0.86,3.23,0.61,-0.66,-1.71,1006.29
11.075,1.32,1.62,0.18,-6.05,0.86,3.23,-0.24,0.16,-1.58,1006.29
11.108,1.32,1.62,0.18,14.86,6.28,2.28,-0.24,0.16,-1.58,1006.29
11.174,-0.36,0.58,-0.77,14.86,6.28,2.28,-0.24,0.16,-1.58,1006.29
11.177,-0.36,0.58,-0.77,14.86,6.28,2.28,-0.11,0.51,-1.14,1006.29
11.178,-0.36,0.58,-0.77,14.86,6.28,2.28,-0.11,0.51,-1.14,1006.27
11.18,-0.36,0.58,-0.77,-0.04,-3.45,-6.47,-0.11,0.51,-1.14,1006.27
11.197,-0.09,0.85,-0.28,-0.04,-3.45,-6.47,-0.11,0.51,-1.14,1006.27
11.2,-0.09,0.85,-0.28,-0.04,-3.45,-6.47,0.11,0.12,-0.63,1006.27
11.223,-0.09,0.85,-0.28,2.76,-0.69,-1.36,0.11,0.12,-0.63,1006.27
11.27,-0.20,0.96,-0.33,2.76,-0.69,-1.36,0.11,0.12,-0.63,1006.27
11.272,-0.20,0.96,-0.33,2.76,-0.69,-1.36,0.08,-0.24,-0.34,1006.27
11.275,-0.20,0.96,-0.33,1.48,0.41,-1.39,0.08,-0.24,-0.34,1006.27
11.335,-0.17,0.98,-0.27,1.48,0.41,-1.39,0.08,-0.24,-0.34,1006.27
11.338,-0.17,0.98,-0.27,1.48,0.41,-1.39,0.00,-0.17,-0.16,1006.27
11.341,-0.17,0.98,-0.27,1.48,0.41,-1.39,0.00,-0.17,-0.16,1006.27
11.344,-0.17,0.98,-0.27,1.46,0.54,-0.67,0.00,-0.17,-0.16,1006.27
11.425,-0.18,0.95,-0.25,1.46,0.54,-0.67,0.00,-0.17,-0.16,1006.27
11.428,-0.18,0.95,-0.25,1.46,0.54,-0.67,0.03,-0.25,-0.12,1006.27
11.431,-0.18,0.95,-0.25,1.09,0.21,-0.43,0.03,-0.25,-0.12,1006.27
11.435,-0.14,0.95,-0.26,1.09,0.21,-0.43,0.03,-0.25,-0.12,1006.27
11.44,-0.14,0.95,-0.26,1.09,0.21,-0.43,0.03,-0.39,-0.06,1006.27
11.458,-0.14,0.95,-0.26,1.12,0.11,-0.33,0.03,-0.39,-0.06,1006.27
11.494,-0.10,0.97,-0.26,1.12,0.11,-0.33,0.03,-0.39,-0.06,1006.27
11.503,-0.10,0.97,-0.26,1.12,0.11,-0.33,0.04,-0.50,-0.18,1006.27
11.505,-0.10,0.97,-0.26,1.12,0.11,-0.33,0.04,-0.50,-0.18,1006.28
11.515,-0.10,0.97,-0.26,1.21,0.18,-0.27,0.04,-0.50,-0.18,1006.28
11.568,-0.08,0.96,-0.30,1.21,0.18,-0.27,0.04,-0.50,-0.18,1006.28
11.57,-0.08,0.96,-0.30,1.21,0.18,-0.27,0.10,-0.48,-0.46,1006.28
11.575,-0.08,0.96,-0.30,1.24,0.09,-0.59,0.10,-0.48,-0.46,1006.28
11.645,-0.20,0.98,-0.29,1.24,0.09,-0.59,0.10,-0.48,-0.46,1006.28
11.648,-0.20,0.98,-0.29,1.24,0.09,-0.59,0.08,-0.57,-0.63,1006.28
11.65,-0.20,0.98,-0.29,0.30,0.33,-0.47,0.08,-0.57,-0.63,1006.28
11.673,-0.34,0.97,-0.28,0.30,0.33,-0.47,0.08,-0.57,-0.63,1006.28
11.675,-0.34,0.97,-0.28,0.30,0.33,-0.47,0.15,-1.01,-0.63,1006.28
11.677,-0.34,0.97,-0.28,0.30,0.33,-0.47,0.15,-1.01,-0.63,1006.27
11.73,-0.34,0.97,-0.28,-0.03,0.67,-0.06,0.15,-1.01,-0.63,1006.27
11.735,-0.47,1.20,-0.20,-0.03,0.67,-0.06,0.15,-1.01,-0.63,1006.27
11.738,-0.47,1.20,-0.20,-0.03,0.67,-0.06,0.40,-1.87,0.04,1006.27
11.776,-0.47,1.20,-0.20,-0.92,2.93,0.29,0.40,-1.87,0.04,1006.27
11.794,-0.51,0.83,-0.24,-0.92,2.93,0.29,0.40,-1.87,0.04,1006.27
11.797,-0.51,0.83,-0.24,-0.92,2.93,0.29,0.96,-2.86,0.90,1006.27
11.832,-0.51,0.83,-0.24,-1.07,-0.55,-0.05,0.96,-2.86,0.90,1006.27
11.89,-0.40,0.63,-0.28,-1.07,-0.55,-0.05,0.96,-2.86,0.90,1006.27
11.893,-0.40,0.63,-0.28,-1.07,-0.55,-0.05,1.01,-3.85,1.34,1006.27
11.896,-0.40,0.63,-0.28,-1.07,-0.55,-0.05,1.01,-3.85,1.34,1006.28
11.898,-0.40,0.63,-0.28,0.14,-2.49,-0.78,1.01,-3.85,1.34,1006.28
11.914,-0.55,0.84,-0.09,0.14,-2.49,-0.78,1.01,-3.85,1.34,1006.28
11.92,-0.55,0.84,-0.09,0.14,-2.49,-0.78,0.62,-3.68,1.13,1006.28
11.983,-0.55,0.84,-0.09,-0.93,-0.37,0.58,0.62,-3.68,1.13,1006.28
11.988,-0.17,0.89,-0.08,-0.93,-0.37,0.58,0.62,-3.68,1.13,1006.28
11.99,-0.17,0.89,-0.08,-0.93,-0.37,0.58,0.14,-4.32,1.79,1006.28
11.995,-0.17,0.89,-0.08,1.68,-0.48,-0.14,0.14,-4.32,1.79,1006.28
12.053,-0.15,0.98,-0.24,1.68,-0.48,-0.14,0.14,-4.32,1.79,1006.28
12.062,-0.15,0.98,-0.24,1.68,-0.48,-0.14,0.16,-4.17,1.39,1006.28
12.066,-0.15,0.98,-0.24,1.68,-0.48,-0.14,0.16,-4.17,1.39,1006.28
12.07,-0.15,0.98,-0.24,0.72,0.04,-1.88,0.16,-4.17,1.39,1006.28
12.104,0.03,0.95,-0.43,0.72,0.04,-1.88,0.16,-4.17,1.39,1006.28
12.108,0.03,0.95,-0.43,0.72,0.04,-1.88,0.67,-5.07,1.12,1006.28
12.115,0.03,0.95,-0.43,1.75,-0.30,-3.19,0.67,-5.07,1.12,1006.28
12.163,-0.04,0.87,-0.37,1.75,-0.30,-3.19,0.67,-5.07,1.12,1006.28
12.165,-0.04,0.87,-0.37,1.75,-0.30,-3.19,0.87,-5.09,0.84,1006.28
12.204,-0.04,0.87,-0.37,0.77,-0.96,-1.46,0.87,-5.09,0.84,1006.28
12.212,-0.21,0.85,-0.27,0.77,-0.96,-1.46,0.87,-5.09,0.84,1006.28
12.214,-0.21,0.85,-0.27,0.77,-0.96,-1.46,0.64,-4.06,0.34,1006.28
12.216,-0.21,0.85,-0.27,0.77,-0.96,-1.46,0.64,-4.06,0.34,1006.28
12.26,-0.21,0.85,-0.27,-0.16,-1.01,-0.21,0.64,-4.06,0.34,1006.28
12.273,1.24,1.86,0.41,-0.16,-1.01,-0.21,0.64,-4.06,0.34,1006.28
12.276,1.24,1.86,0.41,-0.16,-1.01,-0.21,0.47,-0.14,1.53,1006.28
12.309,1.24,1.86,0.41,11.89,9.03,7.38,0.47,-0.14,1.53,1006.28
12.391,-0.27,1.06,-0.29,11.89,9.03,7.38,0.47,-0.14,1.53,1006.28
12.395,-0.27,1.06,-0.29,11.89,9.03,7.38,0.19,0.04,-0.73,1006.28
12.399,-0.27,1.06,-0.29,-0.86,1.59,1.06,0.19,0.04,-0.73,1006.28
12.402,-0.34,0.90,-0.17,-0.86,1.59,1.06,0.19,0.04,-0.73,1006.28
12.408,-0.34,0.90,-0.17,-0.86,1.59,1.06,0.28,-0.30,-0.72,1006.28
12.411,-0.34,0.90,-0.17,-0.86,1.59,1.06,0.28,-0.30,-0.72,1006.29
12.422,-0.34,0.90,-0.17,-1.05,-0.13,1.51,0.28,-0.30,-0.72,1006.29
12.484,-0.27,0.94,-0.37,-1.05,-0.13,1.51,0.28,-0.30,-0.72,1006.29
12.493,-0.27,0.94,-0.37,-1.05,-0.13,1.51,0.42,0.22,-0.56,1006.29
12.495,-0.27,0.94,-0.37,-0.14,0.40,-0.17,0.42,0.22,-0.56,1006.29
12.545,-0.20,0.96,-0.18,-0.14,0.40,-0.17,0.42,0.22,-0.56,1006.29
12.55,-0.20,0.96,-0.18,-0.14,0.40,-0.17,0.37,-0.45,-0.15,1006.29
12.553,-0.20,0.96,-0.18,0.78,0.58,1.50,0.37,-0.45,-0.15,1006.29
12.583,-0.36,0.92,-0.30,0.78,0.58,1.50,0.37,-0.45,-0.15,1006.29
12.586,-0.36,0.92,-0.30,0.78,0.58,1.50,0.37,-0.41,0.06,1006.29
12.589,-0.36,0.92,-0.30,0.78,0.58,1.50,0.37,-0.41,0.06,1006.30
12.628,-0.36,0.92,-0.30,-0.72,0.27,0.34,0.37,-0.41,0.06,1006.30
12.634,-0.14,0.97,-0.31,-0.72,0.27,0.34,0.37,-0.41,0.06,1006.30
12.636,-0.14,0.97,-0.31,-0.72,0.27,0.34,0.25,-0.29,0.14,1006.30
12.676,-0.14,0.97,-0.31,1.16,0.60,0.30,0.25,-0.29,0.14,1006.30
12.735,-0.15,0.94,-0.26,1.16,0.60,0.30,0.25,-0.29,0.14,1006.30
12.737,-0.15,0.94,-0.26,1.16,0.60,0.30,0.21,-0.42,0.15,1006.30
12.741,-0.15,0.94,-0.26,0.89,0.21,0.67,0.21,-0.42,0.15,1006.30
12.773,-0.04,0.99,-0.29,0.89,0.21,0.67,0.21,-0.42,0.15,1006.30
12.776,-0.04,0.99,-0.29,0.89,0.21,0.67,0.21,-0.37,-0.24,1006.30
12.778,-0.04,0.99,-0.29,0.89,0.21,0.67,0.21,-0.37,-0.24,1006.30
12.78,-0.04,0.99,-0.29,1.60,0.61,0.36,0.21,-0.37,-0.24,1006.30
12.82,-0.06,0.95,-0.26,1.60,0.61,0.36,0.21,-0.37,-0.24,1006.30
12.825,-0.06,0.95,-0.26,1.60,0.61,0.36,0.32,-0.15,-0.73,1006.30
12.839,-0.06,0.95,-0.26,1.28,0.25,0.58,0.32,-0.15,-0.73,1006.30
12.937,-0.26,0.96,-0.31,1.28,0.25,0.58,0.32,-0.15,-0.73,1006.30
12.944,-0.26,0.96,-0.31,1.28,0.25,0.58,0.42,-0.17,-0.96,1006.30
12.946,-0.26,0.96,-0.31,-0.22,0.47,0.27,0.42,-0.17,-0.96,1006.30
12.948,-0.35,0.88,-0.78,-0.22,0.47,0.27,0.42,-0.17,-0.96,1006.30
12.95,-0.35,0.88,-0.78,-0.22,0.47,0.27,0.63,-0.53,-1.02,1006.30
12.951,-0.35,0.88,-0.78,-0.22,0.47,0.27,0.63,-0.53,-1.02,1006.31
12.989,-0.35,0.88,-0.78,-0.41,-0.06,-4.28,0.63,-0.53,-1.02,1006.31
12.995,-0.22,1.05,-0.34,-0.41,-0.06,-4.28,0.63,-0.53,-1.02,1006.31
12.997,-0.22,1.05,-0.34,-0.41,-0.06,-4.28,0.48,-0.58,-1.20,1006.31
13.017,-0.22,1.05,-0.34,1.13,1.69,0.02,0.48,-0.58,-1.20,1006.31
13.055,-0.19,1.37,-0.10,1.13,1.69,0.02,0.48,-0.58,-1.20,1006.31
13.057,-0.19,1.37,-0.10,1.13,1.69,0.02,0.72,-1.69,-1.50,1006.31
13.099,-0.19,1.37,-0.10,2.06,4.97,1.96,0.72,-1.69,-1.50,1006.31
13.114,0.09,1.63,-0.24,2.06,4.97,1.96,0.72,-1.69,-1.50,1006.31
13.116,0.09,1.63,-0.24,2.06,4.97,1.96,1.55,-3.92,-1.86,1006.31
13.118,0.09,1.63,-0.24,2.06,4.97,1.96,1.55,-3.92,-1.86,1006.29
13.143,0.09,1.63,-0.24,4.86,7.38,0.24,1.55,-3.92,-1.86,1006.29
13.193,-0.34,0.77,-0.16,4.86,7.38,0.24,1.55,-3.92,-1.86,1006.29
13.197,-0.34,0.77,-0.16,4.86,7.38,0.24,1.27,-1.96,-1.47,1006.29
13.199,-0.34,0.77,-0.16,1.46,-0.53,1.25,1.27,-1.96,-1.47,1006.29
13.254,0.19,0.52,0.15,1.46,-0.53,1.25,1.27,-1.96,-1.47,1006.29
13.259,0.19,0.52,0.15,1.46,-0.53,1.25,0.87,-0.99,1.00,1006.29
13.261,0.19,0.52,0.15,5.35,-3.59,4.23,0.87,-0.99,1.00,1006.29
13.318,-0.21,0.54,-0.12,5.35,-3.59,4.23,0.87,-0.99,1.00,1006.29
13.322,-0.21,0.54,-0.12,5.35,-3.59,4.23,0.30,1.75,2.83,1006.29
13.325,-0.21,0.54,-0.12,5.35,-3.59,4.23,0.30,1.75,2.83,1006.28
13.327,-0.21,0.54,-0.12,0.25,-3.81,1.66,0.30,1.75,2.83,1006.28
13.364,-0.51,0.73,-0.18,0.25,-3.81,1.66,0.30,1.75,2.83,1006.28
13.366,-0.51,0.73,-0.18,0.25,-3.81,1.66,-0.24,-0.02,4.62,1006.28
13.382,-0.51,0.73,-0.18,-3.83,-2.16,0.94,-0.24,-0.02,4.62,1006.28
13.431,-0.29,1.16,-0.02,-3.83,-2.16,0.94,-0.24,-0.02,4.62,1006.28
13.435,-0.29,1.16,-0.02,-3.83,-2.16,0.94,-0.44,-0.76,5.50,1006.28
13.437,-0.29,1.16,-0.02,-3.43,1.79,1.69,-0.44,-0.76,5.50,1006.28
13.474,-0.90,1.90,0.04,-3.43,1.79,1.69,-0.44,-0.76,5.50,1006.28
13.477,-0.90,1.90,0.04,-3.43,1.79,1.69,-0.74,1.05,4.00,1006.28
13.479,-0.90,1.90,0.04,-3.43,1.79,1.69,-0.74,1.05,4.00,1006.28
13.552,-0.90,1.90,0.04,-11.58,9.33,1.57,-0.74,1.05,4.00,1006.28
13.561,-1.39,1.03,-0.36,-11.58,9.33,1.57,-0.74,1.05,4.00,1006.28
13.565,-1.39,1.03,-0.36,-11.58,9.33,1.57,-0.09,0.49,-1.02,1006.28
13.567,-1.39,1.03,-0.36,-16.04,0.63,-2.37,-0.09,0.49,-1.02,1006.28
13.617,1.82,2.33,1.04,-16.04,0.63,-2.37,-0.09,0.49,-1.02,1006.28
13.621,1.82,2.33,1.04,-16.04,0.63,-2.37,0.20,-2.60,-1.73,1006.28
13.623,1.82,2.33,1.04,16.40,13.23,11.49,0.20,-2.60,-1.73,1006.28
13.664,-0.85,0.46,-0.59,16.40,13.23,11.49,0.20,-2.60,-1.73,1006.28
13.667,-0.85,0.46,-0.59,16.40,13.23,11.49,0.35,0.10,-1.96,1006.28
13.669,-0.85,0.46,-0.59,16.40,13.23,11.49,0.35,0.10,-1.96,1006.28
13.739,-0.85,0.46,-0.59,-6.46,-4.75,-3.15,0.35,0.10,-1.96,1006.28
13.745,-0.52,0.82,-0.16,-6.46,-4.75,-3.15,0.35,0.10,-1.96,1006.28
13.749,-0.52,0.82,-0.16,-6.46,-4.75,-3.15,0.53,-0.44,-0.88,1006.28
13.751,-0.52,0.82,-0.16,-2.05,-1.01,0.60,0.53,-0.44,-0.88,1006.28
13.784,-0.05,1.09,-0.36,-2.05,-1.01,0.60,0.53,-0.44,-0.88,1006.28
13.787,-0.05,1.09,-0.36,-2.05,-1.01,0.60,0.27,0.11,-0.67,1006.28
13.856,-0.05,1.09,-0.36,2.44,1.75,-0.71,0.27,0.11,-0.67,1006.28
13.864,-0.11,0.98,-0.22,2.44,1.75,-0.71,0.27,0.11,-0.67,1006.28
13.867,-0.11,0.98,-0.22,2.44,1.75,-0.71,0.11,-0.62,-0.21,1006.28
13.869,-0.11,0.98,-0.22,2.44,1.75,-0.71,0.11,-0.62,-0.21,1006.28
13.871,-0.11,0.98,-0.22,1.83,0.68,0.51,0.11,-0.62,-0.21,1006.28
13.901,-0.27,0.89,-0.28,1.83,0.68,0.51,0.11,-0.62,-0.21,1006.28
13.912,-0.27,0.89,-0.28,1.83,0.68,0.51,0.06,-0.31,-0.36,1006.28
13.969,-0.27,0.89,-0.28,0.17,-0.27,-0.05,0.06,-0.31,-0.36,1006.28
13.971,-0.15,0.99,-0.19,0.17,-0.27,-0.05,0.06,-0.31,-0.36,1006.28
13.973,-0.15,0.99,-0.19,0.17,-0.27,-0.05,0.08,-0.20,-0.49,1006.28
13.998,-0.15,0.99,-0.19,1.40,0.67,0.56,0.08,-0.20,-0.49,1006.28
14.096,-0.02,1.00,-0.24,1.40,0.67,0.56,0.08,-0.20,-0.49,1006.28
14.099,-0.02,1.00,-0.24,1.40,0.67,0.56,0.16,-0.18,-0.91,1006.28
14.102,-0.02,1.00,-0.24,1.40,0.67,0.56,0.16,-0.18,-0.91,1006.29
14.104,-0.02,1.00,-0.24,2.69,0.76,0.18,0.16,-0.18,-0.91,1006.29
14.106,-0.24,1.09,-0.26,2.69,0.76,0.18,0.16,-0.18,-0.91,1006.29
14.108,-0.24,1.09,-0.26,2.69,0.76,0.18,0.08,-0.35,-1.32,1006.29
14.109,-0.24,1.09,-0.26,0.93,1.76,-0.19,0.08,-0.35,-1.32,1006.29
14.136,-0.27,1.05,-0.42,0.93,1.76,-0.19,0.08,-0.35,-1.32,1006.29
14.138,-0.27,1.05,-0.42,0.93,1.76,-0.19,0.06,-0.01,-1.92,1006.29
14.187,-0.27,1.05,-0.42,1.15,1.56,-1.68,0.06,-0.01,-1.92,1006.29
14.196,-0.29,1.47,-0.20,1.15,1.56,-1.68,0.06,-0.01,-1.92,1006.29
14.198,-0.29,1.47,-0.20,1.15,1.56,-1.68,0.07,-0.81,-2.12,1006.29
14.2,-0.29,1.47,-0.20,1.15,1.56,-1.68,0.07,-0.81,-2.12,1006.28
14.246,-0.29,1.47,-0.20,1.03,5.70,0.23,0.07,-0.81,-2.12,1006.28
14.256,0.32,1.84,-0.29,1.03,5.70,0.23,0.07,-0.81,-2.12,1006.28
14.258,0.32,1.84,-0.29,1.03,5.70,0.23,0.59,-3.13,-2.10,1006.28
14.284,0.32,1.84,-0.29,5.91,8.85,-0.77,0.59,-3.13,-2.10,1006.28
14.326,0.09,0.70,-0.37,5.91,8.85,-0.77,0.59,-3.13,-2.10,1006.28
14.33,0.09,0.70,-0.37,5.91,8.85,-0.77,0.06,0.92,-2.16,1006.28
14.354,0.09,0.70,-0.37,4.48,-2.00,-1.40,0.06,0.92,-2.16,1006.28
14.405,0.55,0.65,0.14,4.48,-2.00,-1.40,0.06,0.92,-2.16,1006.28
14.407,0.55,0.65,0.14,4.48,-2.00,-1.40,-0.13,-0.65,1.48,1006.28
14.409,0.55,0.65,0.14,4.48,-2.00,-1.40,-0.13,-0.65,1.48,1006.30
14.412,0.55,0.65,0.14,8.59,-2.64,3.41,-0.13,-0.65,1.48,1006.30
14.448,-0.13,0.61,-0.50,8.59,-2.64,3.41,-0.13,-0.65,1.48,1006.30
14.451,-0.13,0.61,-0.50,8.59,-2.64,3.41,-0.40,4.01,1.99,1006.30
14.461,-0.13,0.61,-0.50,-0.82,-3.25,-1.72,-0.40,4.01,1.99,1006.30
14.497,-0.51,0.64,-0.52,-0.82,-3.25,-1.72,-0.40,4.01,1.99,1006.30
14.5,-0.51,0.64,-0.52,-0.82,-3.25,-1.72,-0.79,1.15,4.17,1006.30
14.544,-0.51,0.64,-0.52,-5.52,-2.93,-1.75,-0.79,1.15,4.17,1006.30
14.555,-0.41,0.95,-0.49,-5.52,-2.93,-1.75,-0.79,1.15,4.17,1006.30
14.557,-0.41,0.95,-0.49,-5.52,-2.93,-1.75,-0.48,0.15,4.97,1006.30
14.559,-0.41,0.95,-0.49,-5.52,-2.93,-1.75,-0.48,0.15,4.97,1006.32
14.613,-0.41,0.95,-0.49,-5.93,0.20,-1.58,-0.48,0.15,4.97,1006.32
14.617,-0.61,1.54,-0.04,-5.93,0.20,-1.58,-0.48,0.15,4.97,1006.32
14.619,-0.61,1.54,-0.04,-5.93,0.20,-1.58,-0.35,0.15,4.37,1006.32
14.638,-0.61,1.54,-0.04,-8.47,5.90,1.88,-0.35,0.15,4.37,1006.32
14.681,-0.97,0.86,-0.26,-8.47,5.90,1.88,-0.35,0.15,4.37,1006.32
14.684,-0.97,0.86,-0.26,-8.47,5.90,1.88,0.19,2.94,-0.80,1006.32
14.736,-0.97,0.86,-0.26,-10.14,-1.23,-0.68,0.19,2.94,-0.80,1006.32
14.739,0.30,1.55,0.10,-10.14,-1.23,-0.68,0.19,2.94,-0.80,1006.32
14.741,0.30,1.55,0.10,-10.14,-1.23,-0.68,-0.14,2.07,-2.61,1006.32
14.743,0.30,1.55,0.10,-10.14,-1.23,-0.68,-0.14,2.07,-2.61,1006.32
14.758,0.30,1.55,0.10,2.70,5.50,2.53,-0.14,2.07,-2.61,1006.32
14.856,-0.91,0.20,-1.23,2.70,5.50,2.53,-0.14,2.07,-2.61,1006.32
14.859,-0.91,0.20,-1.23,2.70,5.50,2.53,-0.04,0.19,-2.31,1006.32
14.862,-0.91,0.20,-1.23,-5.49,-6.82,-9.22,-0.04,0.19,-2.31,1006.32
14.868,-0.11,1.05,-0.16,-5.49,-6.82,-9.22,-0.04,0.19,-2.31,1006.32
14.87,-0.11,1.05,-0.16,-5.49,-6.82,-9.22,0.27,-0.22,-0.97,1006.32
14.919,-0.11,1.05,-0.16,3.21,1.78,0.57,0.27,-0.22,-0.97,1006.32
14.923,-0.21,1.07,-0.37,3.21,1.78,0.57,0.27,-0.22,-0.97,1006.32
14.925,-0.21,1.07,-0.37,3.21,1.78,0.57,0.28,-0.02,-0.56,1006.32
14.927,-0.21,1.07,-0.37,3.21,1.78,0.57,0.28,-0.02,-0.56,1006.31
14.941,-0.21,1.07,-0.37,2.26,2.05,-1.09,0.28,-0.02,-0.56,1006.31
14.985,-0.17,1.03,-0.08,2.26,2.05,-1.09,0.28,-0.02,-0.56,1006.31
14.989,-0.17,1.03,-0.08,2.26,2.05,-1.09,0.08,0.01,-0.37,1006.31
15.057,-0.17,1.03,-0.08,2.30,1.45,1.51,0.08,0.01,-0.37,1006.31
15.059,-0.16,0.96,-0.20,2.30,1.45,1.51,0.08,0.01,-0.37,1006.31
15.061,-0.16,0.96,-0.20,2.30,1.45,1.51,0.11,-0.30,-0.24,1006.31
15.066,-0.16,0.96,-0.20,2.11,0.63,0.28,0.11,-0.30,-0.24,1006.31
15.116,-0.14,1.00,-0.13,2.11,0.63,0.28,0.11,-0.30,-0.24,1006.31
15.119,-0.14,1.00,-0.13,2.11,0.63,0.28,0.17,-0.28,-0.45,1006.31
15.121,-0.14,1.00,-0.13,2.11,0.63,0.28,0.17,-0.28,-0.45,1006.30
15.123,-0.14,1.00,-0.13,2.01,0.83,0.85,0.17,-0.28,-0.45,1006.30
15.174,-0.11,1.00,-0.13,2.01,0.83,0.85,0.17,-0.28,-0.45,1006.30
15.176,-0.11,1.00,-0.13,2.01,0.83,0.85,0.28,-0.11,-0.91,1006.30
15.184,-0.11,1.00,-0.13,1.83,0.65,0.65,0.28,-0.11,-0.91,1006.30
15.258,-0.10,1.07,-0.12,1.83,0.65,0.65,0.28,-0.11,-0.91,1006.30
15.26,-0.10,1.07,-0.12,1.83,0.65,0.65,0.04,0.28,-1.44,1006.30
15.262,-0.10,1.07,-0.12,2.03,1.40,0.83,0.04,0.28,-1.44,1006.30
15.309,-0.25,1.01,-0.15,2.03,1.40,0.83,0.04,0.28,-1.44,1006.30
15.311,-0.25,1.01,-0.15,2.03,1.40,0.83,0.17,0.24,-1.79,1006.30
15.313,-0.25,1.01,-0.15,2.03,1.40,0.83,0.17,0.24,-1.79,1006.29
15.315,-0.25,1.01,-0.15,1.08,0.95,0.50,0.17,0.24,-1.79,1006.29
15.351,-0.46,1.20,-0.26,1.08,0.95,0.50,0.17,0.24,-1.79,1006.29
15.354,-0.46,1.20,-0.26,1.08,0.95,0.50,0.33,-0.37,-2.02,1006.29
15.359,-0.46,1.20,-0.26,-0.42,3.04,-0.60,0.33,-0.37,-2.02,1006.29
15.401,0.00,1.97,-0.22,-0.42,3.04,-0.60,0.33,-0.37,-2.02,1006.29
15.403,0.00,1.97,-0.22,-0.42,3.04,-0.60,0.39,-2.20,-2.08,1006.29
15.42,0.00,1.97,-0.22,4.23,10.53,-0.74,0.39,-2.20,-2.08,1006.29
15.456,0.04,0.44,-0.06,4.23,10.53,-0.74,0.39,-2.20,-2.08,1006.29
15.458,0.04,0.44,-0.06,4.23,10.53,-0.74,-0.48,2.05,-1.63,1006.29
15.46,0.04,0.44,-0.06,4.23,10.53,-0.74,-0.48,2.05,-1.63,1006.30
15.538,0.04,0.44,-0.06,4.93,-4.18,1.25,-0.48,2.05,-1.63,1006.30
15.541,-0.19,0.75,-0.17,4.93,-4.18,1.25,-0.48,2.05,-1.63,1006.30
15.544,-0.19,0.75,-0.17,4.93,-4.18,1.25,-1.40,1.00,0.73,1006.30
15.546,-0.19,0.75,-0.17,1.93,-1.53,0.01,-1.40,1.00,0.73,1006.30
15.596,-0.18,0.58,-0.47,1.93,-1.53,0.01,-1.40,1.00,0.73,1006.30
15.6,-0.18,0.58,-0.47,1.93,-1.53,0.01,-2.06,2.13,2.19,1006.30
15.603,-0.18,0.58,-0.47,0.84,-3.59,-2.90,-2.06,2.13,2.19,1006.30
15.677,-0.41,0.78,-0.51,0.84,-3.59,-2.90,-2.06,2.13,2.19,1006.30
15.681,-0.41,0.78,-0.51,0.84,-3.59,-2.90,-2.27,1.92,3.34,1006.30
15.686,-0.41,0.78,-0.51,0.84,-3.59,-2.90,-2.27,1.92,3.34,1006.28
15.689,-0.41,0.78,-0.51,-2.42,-1.77,-2.91,-2.27,1.92,3.34,1006.28
15.697,-0.20,1.22,-0.70,-2.42,-1.77,-2.91,-2.27,1.92,3.34,1006.28
15.701,-0.20,1.22,-0.70,-2.42,-1.77,-2.91,-1.69,3.74,3.10,1006.28
15.729,-0.20,1.22,-0.70,-1.98,2.37,-4.78,-1.69,3.74,3.10,1006.28
15.784,-0.65,1.24,-0.99,-1.98,2.37,-4.78,-1.69,3.74,3.10,1006.28
15.79,-0.65,1.24,-0.99,-1.98,2.37,-4.78,-0.81,4.21,1.98,1006.28
15.793,-0.65,1.24,-0.99,-5.90,3.01,-6.24,-0.81,4.21,1.98,1006.28
15.822,-0.66,0.97,-0.57,-5.90,3.01,-6.24,-0.81,4.21,1.98,1006.28
15.825,-0.66,0.97,-0.57,-5.90,3.01,-6.24,-0.01,1.91,0.75,1006.28
15.829,-0.66,0.97,-0.57,-5.90,3.01,-6.24,-0.01,1.91,0.75,1006.28
15.877,-0.66,0.97,-0.57,-4.34,0.91,-1.38,-0.01,1.91,0.75,1006.28
15.879,-0.33,0.89,-0.12,-4.34,0.91,-1.38,-0.01,1.91,0.75,1006.28
15.881,-0.33,0.89,-0.12,-4.34,0.91,-1.38,0.21,3.53,-0.60,1006.28
15.908,-0.33,0.89,-0.12,-1.15,0.17,3.06,0.21,3.53,-0.60,1006.28
15.982,-0.95,0.65,-0.43,-1.15,0.17,3.06,0.21,3.53,-0.60,1006.28
15.991,-0.95,0.65,-0.43,-1.15,0.17,3.06,0.35,2.02,-0.55,1006.28
15.993,-0.95,0.65,-0.43,-6.10,-1.71,0.38,0.35,2.02,-0.55,1006.28
16.017,0.44,1.77,-0.15,-6.10,-1.71,0.38,0.35,2.02,-0.55,1006.28
16.021,0.44,1.77,-0.15,-6.10,-1.71,0.38,0.45,0.72,-0.78,1006.28
16.032,0.44,1.77,-0.15,-6.10,-1.71,0.38,0.45,0.72,-0.78,1006.29
16.034,0.44,1.77,-0.15,7.64,9.42,3.31,0.45,0.72,-0.78,1006.29
16.088,-0.12,1.03,-0.25,7.64,9.42,3.31,0.45,0.72,-0.78,1006.29
16.09,-0.12,1.03,-0.25,7.64,9.42,3.31,0.44,-0.64,-0.20,1006.29
16.093,-0.12,1.03,-0.25,1.68,1.73,1.79,0.44,-0.64,-0.20,1006.29
16.125,-0.26,0.90,-0.11,1.68,1.73,1.79,0.44,-0.64,-0.20,1006.29
16.128,-0.26,0.90,-0.11,1.68,1.73,1.79,-0.07,1.16,-0.61,1006.29
16.191,-0.26,0.90,-0.11,0.30,0.21,2.62,-0.07,1.16,-0.61,1006.29
16.194,0.13,0.97,-0.19,0.30,0.21,2.62,-0.07,1.16,-0.61,1006.29
16.195,0.13,0.97,-0.19,0.30,0.21,2.62,0.00,0.97,-0.59,1006.29
16.197,0.13,0.97,-0.19,0.30,0.21,2.62,0.00,0.97,-0.59,1006.30
16.199,0.13,0.97,-0.19,3.63,0.61,1.52,0.00,0.97,-0.59,1006.30
16.237,-0.45,0.95,-0.13,3.63,0.61,1.52,0.00,0.97,-0.59,1006.30
16.24,-0.45,0.95,-0.13,3.63,0.61,1.52,-0.06,0.29,-0.48,1006.30
16.29,-0.45,0.95,-0.13,-1.62,0.41,1.65,-0.06,0.29,-0.48,1006.30
16.297,-0.16,1.01,-0.14,-1.62,0.41,1.65,-0.06,0.29,-0.48,1006.30
16.299,-0.16,1.01,-0.14,-1.62,0.41,1.65,-0.16,0.30,-0.46,1006.30
16.338,-0.16,1.01,-0.14,1.33,0.85,1.09,-0.16,0.30,-0.46,1006.30
16.359,-0.17,0.97,-0.11,1.33,0.85,1.09,-0.16,0.30,-0.46,1006.30
16.367,-0.17,0.97,-0.11,1.33,0.85,1.09,-0.21,0.12,-0.45,1006.30
16.369,-0.17,0.97,-0.11,1.33,0.85,1.09,-0.21,0.12,-0.45,1006.31
16.407,-0.17,0.97,-0.11,1.20,0.35,1.03,-0.21,0.12,-0.45,1006.31
16.42,-0.28,0.96,-0.17,1.20,0.35,1.03,-0.21,0.12,-0.45,1006.31
16.423,-0.28,0.96,-0.17,1.20,0.35,1.03,-0.37,0.13,-0.56,1006.31
16.505,-0.28,0.96,-0.17,0.31,0.28,0.20,-0.37,0.13,-0.56,1006.31
16.508,-0.32,0.96,-0.15,0.31,0.28,0.20,-0.37,0.13,-0.56,1006.31
16.51,-0.32,0.96,-0.15,0.31,0.28,0.20,-0.55,0.06,-0.69,1006.31
16.514,-0.32,0.96,-0.15,0.14,0.29,0.07,-0.55,0.06,-0.69,1006.31
16.539,-0.35,1.13,-0.07,0.14,0.29,0.07,-0.55,0.06,-0.69,1006.31
16.542,-0.35,1.13,-0.07,0.14,0.29,0.07,-1.02,-0.14,-0.66,1006.31
16.544,-0.35,1.13,-0.07,0.14,0.29,0.07,-1.02,-0.14,-0.66,1006.32
16.591,-0.35,1.13,-0.07,0.07,1.97,0.22,-1.02,-0.14,-0.66,1006.32
16.604,-0.38,1.46,-0.09,0.07,1.97,0.22,-1.02,-0.14,-0.66,1006.32
16.607,-0.38,1.46,-0.09,0.07,1.97,0.22,-0.87,-0.10,-0.72,1006.32
16.678,-0.38,1.46,-0.09,-0.42,5.15,-0.12,-0.87,-0.10,-0.72,1006.32
16.681,-0.08,1.35,-0.24,-0.42,5.15,-0.12,-0.87,-0.10,-0.72,1006.32
16.685,-0.08,1.35,-0.24,-0.42,5.15,-0.12,-0.80,-0.42,-1.34,1006.32
16.689,-0.08,1.35,-0.24,2.16,3.87,-1.83,-0.80,-0.42,-1.34,1006.32
16.739,-0.09,0.81,-0.37,2.16,3.87,-1.83,-0.80,-0.42,-1.34,1006.32
16.765,-0.09,0.81,-0.37,2.16,3.87,-1.83,-0.48,0.54,-1.52,1006.32
16.766,-0.09,0.81,-0.37,2.16,3.87,-1.83,-0.48,0.54,-1.52,1006.32
16.768,-0.09,0.81,-0.37,2.22,-1.31,-2.94,-0.48,0.54,-1.52,1006.32
16.784,0.49,0.92,-0.79,2.22,-1.31,-2.94,-0.48,0.54,-1.52,1006.32
16.789,0.49,0.92,-0.79,2.22,-1.31,-2.94,-0.64,5.46,-1.55,1006.32
16.802,0.49,0.92,-0.79,7.41,-0.17,-5.44,-0.64,5.46,-1.55,1006.32
16.84,-0.83,0.55,-0.44,7.41,-0.17,-5.44,-0.64,5.46,-1.55,1006.32
16.843,-0.83,0.55,-0.44,7.41,-0.17,-5.44,-0.15,-0.54,0.21,1006.32
16.913,-0.83,0.55,-0.44,-3.97,-2.87,-1.00,-0.15,-0.54,0.21,1006.32
16.917,-0.11,0.73,0.09,-3.97,-2.87,-1.00,-0.15,-0.54,0.21,1006.32
16.919,-0.11,0.73,0.09,-3.97,-2.87,-1.00,0.12,0.12,1.01,1006.32
16.921,-0.11,0.73,0.09,-3.97,-2.87,-1.00,0.12,0.12,1.01,1006.32
16.925,-0.11,0.73,0.09,2.48,-1.60,3.69,0.12,0.12,1.01,1006.32
16.962,-0.52,0.90,-0.07,2.48,-1.60,3.69,0.12,0.12,1.01,1006.32
16.965,-0.52,0.90,-0.07,2.48,-1.60,3.69,-0.17,3.38,1.33,1006.32
16.98,-0.52,0.90,-0.07,-2.56,-0.32,1.81,-0.17,3.38,1.33,1006.32
17.018,-0.44,0.79,-0.09,-2.56,-0.32,1.81,-0.17,3.38,1.33,1006.32
17.021,-0.44,0.79,-0.09,-2.56,-0.32,1.81,-0.16,1.36,2.63,1006.32
17.08,-0.44,0.79,-0.09,-2.03,-1.50,1.34,-0.16,1.36,2.63,1006.32
17.084,-0.29,0.96,-0.04,-2.03,-1.50,1.34,-0.16,1.36,2.63,1006.32
17.087,-0.29,0.96,-0.04,-2.03,-1.50,1.34,0.07,0.84,3.59,1006.32
17.096,-0.29,0.96,-0.04,-2.03,-1.50,1.34,0.07,0.84,3.59,1006.33
17.104,-0.29,0.96,-0.04,-1.84,-0.13,1.51,0.07,0.84,3.59,1006.33
17.137,-0.67,1.20,-0.17,-1.84,-0.13,1.51,0.07,0.84,3.59,1006.33
17.139,-0.67,1.20,-0.17,-1.84,-0.13,1.51,0.04,0.15,3.64,1006.33
17.177,-0.67,1.20,-0.17,-6.14,2.14,0.19,0.04,0.15,3.64,1006.33
17.231,-0.59,1.05,0.01,-6.14,2.14,0.19,0.04,0.15,3.64,1006.33
17.233,-0.59,1.05,0.01,-6.14,2.14,0.19,0.14,-1.61,2.39,1006.33
17.235,-0.59,1.05,0.01,-6.15,0.51,1.27,0.14,-1.61,2.39,1006.33
17.277,-0.67,1.01,-0.04,-6.15,0.51,1.27,0.14,-1.61,2.39,1006.33
17.28,-0.67,1.01,-0.04,-6.15,0.51,1.27,-0.21,-0.26,-1.23,1006.33
17.281,-0.67,1.01,-0.04,-6.15,0.51,1.27,-0.21,-0.26,-1.23,1006.31
17.283,-0.67,1.01,-0.04,-5.07,0.25,0.51,-0.21,-0.26,-1.23,1006.31
17.371,1.20,1.83,0.46,-5.07,0.25,0.51,-0.21,-0.26,-1.23,1006.31
17.375,1.20,1.83,0.46,-5.07,0.25,0.51,0.21,-3.79,0.22,1006.31
17.377,1.20,1.83,0.46,13.74,8.51,6.60,0.21,-3.79,0.22,1006.31
17.381,-0.66,1.18,0.27,13.74,8.51,6.60,0.21,-3.79,0.22,1006.31
17.383,-0.66,1.18,0.27,13.74,8.51,6.60,0.01,0.44,-1.41,1006.31
17.418,-0.66,1.18,0.27,-3.15,2.68,5.02,0.01,0.44,-1.41,1006.31
17.498,-0.21,0.94,-0.29,-3.15,2.68,5.02,0.01,0.44,-1.41,1006.31
17.501,-0.21,0.94,-0.29,-3.15,2.68,5.02,0.21,-0.26,-0.68,1006.31
17.503,-0.21,0.94,-0.29,-3.15,2.68,5.02,0.21,-0.26,-0.68,1006.30
17.504,-0.21,0.94,-0.29,1.07,0.32,-0.26,0.21,-0.26,-0.68,1006.30
17.506,0.00,1.00,-0.25,1.07,0.32,-0.26,0.21,-0.26,-0.68,1006.30
17.508,0.00,1.00,-0.25,1.07,0.32,-0.26,-0.01,-0.31,-0.74,1006.30
17.521,0.00,1.00,-0.25,2.84,0.76,0.30,-0.01,-0.31,-0.74,1006.30
17.559,-0.18,0.97,-0.24,2.84,0.76,0.30,-0.01,-0.31,-0.74,1006.30
17.561,-0.18,0.97,-0.24,2.84,0.76,0.30,-0.20,-0.44,-0.53,1006.30
17.62,-0.18,0.97,-0.24,1.33,0.48,-0.11,-0.20,-0.44,-0.53,1006.30
17.624,-0.27,0.95,-0.21,1.33,0.48,-0.11,-0.20,-0.44,-0.53,1006.30
17.627,-0.27,0.95,-0.21,1.33,0.48,-0.11,-0.11,-0.13,-0.37,1006.30
17.629,-0.27,0.95,-0.21,1.33,0.48,-0.11,-0.11,-0.13,-0.37,1006.29
17.681,-0.27,0.95,-0.21,0.41,0.24,0.09,-0.11,-0.13,-0.37,1006.29
17.684,-0.09,0.98,-0.22,0.41,0.24,0.09,-0.11,-0.13,-0.37,1006.29
17.686,-0.09,0.98,-0.22,0.41,0.24,0.09,-0.08,-0.20,-0.29,1006.29
17.705,-0.09,0.98,-0.22,1.98,0.47,-0.12,-0.08,-0.20,-0.29,1006.29
17.741,-0.11,0.97,-0.21,1.98,0.47,-0.12,-0.08,-0.20,-0.29,1006.29
17.744,-0.11,0.97,-0.21,1.98,0.47,-0.12,-0.07,-0.20,-0.45,1006.29
17.796,-0.11,0.97,-0.21,1.53,0.27,-0.11,-0.07,-0.20,-0.45,1006.29
17.804,-0.07,0.98,-0.22,1.53,0.27,-0.11,-0.07,-0.20,-0.45,1006.29
17.806,-0.07,0.98,-0.22,1.53,0.27,-0.11,-0.04,-0.09,-0.91,1006.29
17.808,-0.07,0.98,-0.22,1.53,0.27,-0.11,-0.04,-0.09,-0.91,1006.29
17.841,-0.07,0.98,-0.22,1.87,0.37,-0.27,-0.04,-0.09,-0.91,1006.29
17.859,-0.25,0.97,-0.17,1.87,0.37,-0.27,-0.04,-0.09,-0.91,1006.29
17.862,-0.25,0.97,-0.17,1.87,0.37,-0.27,-0.01,-0.09,-1.15,1006.29
17.886,-0.25,0.97,-0.17,0.63,0.34,0.16,-0.01,-0.09,-1.15,1006.29
17.956,-0.24,1.02,-0.27,0.63,0.34,0.16,-0.01,-0.09,-1.15,1006.29
17.965,-0.24,1.02,-0.27,0.63,0.34,0.16,-0.15,-0.10,-1.36,1006.29
17.968,-0.24,1.02,-0.27,0.97,1.01,-0.75,-0.15,-0.10,-1.36,1006.29
18.007,-0.28,1.18,-0.17,0.97,1.01,-0.75,-0.15,-0.10,-1.36,1006.29
18.011,-0.28,1.18,-0.17,0.97,1.01,-0.75,-0.06,-0.44,-1.69,1006.29
18.014,-0.28,1.18,-0.17,0.97,1.01,-0.75,-0.06,-0.44,-1.69,1006.28
18.016,-0.28,1.18,-0.17,0.94,2.66,0.12,-0.06,-0.44,-1.69,1006.28
18.072,-0.31,1.35,-0.07,0.94,2.66,0.12,-0.06,-0.44,-1.69,1006.28
18.076,-0.31,1.35,-0.07,0.94,2.66,0.12,0.27,-0.61,-2.05,1006.28
18.079,-0.31,1.35,-0.07,0.89,4.31,0.73,0.27,-0.61,-2.05,1006.28
18.116,-0.23,0.88,-0.27,0.89,4.31,0.73,0.27,-0.61,-2.05,1006.28
18.119,-0.23,0.88,-0.27,0.89,4.31,0.73,0.30,-1.09,-1.44,1006.28
18.121,-0.23,0.88,-0.27,2.12,-0.02,-1.04,0.30,-1.09,-1.44,1006.28
18.167,-0.01,0.61,-0.21,2.12,-0.02,-1.04,0.30,-1.09,-1.44,1006.28
18.17,-0.01,0.61,-0.21,2.12,-0.02,-1.04,-0.10,-0.67,0.67,1006.28
18.172,-0.01,0.61,-0.21,2.12,-0.02,-1.04,-0.10,-0.67,0.67,1006.29
18.183,-0.01,0.61,-0.21,4.15,-2.76,-0.56,-0.10,-0.67,0.67,1006.29
18.232,-0.09,0.52,-0.06,4.15,-2.76,-0.56,-0.10,-0.67,0.67,1006.29
18.235,-0.09,0.52,-0.06,4.15,-2.76,-0.56,-0.54,1.60,1.48,1006.29
18.242,-0.09,0.52,-0.06,2.50,-4.01,0.97,-0.54,1.60,1.48,1006.29
18.291,-0.50,0.77,-0.21,2.50,-4.01,0.97,-0.54,1.60,1.48,1006.29
18.294,-0.50,0.77,-0.21,2.50,-4.01,0.97,-1.07,1.31,2.88,1006.29
18.307,-0.50,0.77,-0.21,-2.54,-1.88,-0.60,-1.07,1.31,2.88,1006.29
18.345,-0.34,1.07,-0.06,-2.54,-1.88,-0.60,-1.07,1.31,2.88,1006.29
18.348,-0.34,1.07,-0.06,-2.54,-1.88,-0.60,-1.17,1.75,3.23,1006.29
18.35,-0.34,1.07,-0.06,-2.54,-1.88,-0.60,-1.17,1.75,3.23,1006.30
18.361,-0.34,1.07,-0.06,-2.45,0.75,0.24,-1.17,1.75,3.23,1006.30
18.416,-0.62,1.25,-0.23,-2.45,0.75,0.24,-1.17,1.75,3.23,1006.30
18.419,-0.62,1.25,-0.23,-2.45,0.75,0.24,-1.31,3.20,2.18,1006.30
18.423,-0.62,1.25,-0.23,-5.09,2.53,-1.54,-1.31,3.20,2.18,1006.30
18.464,-0.78,0.88,-0.28,-5.09,2.53,-1.54,-1.31,3.20,2.18,1006.30
18.466,-0.78,0.88,-0.28,-5.09,2.53,-1.54,-0.86,1.65,1.54,1006.30
18.483,-0.78,0.88,-0.28,-6.18,-1.05,-2.02,-0.86,1.65,1.54,1006.30
18.525,-0.41,0.98,-0.23,-6.18,-1.05,-2.02,-0.86,1.65,1.54,1006.30
18.528,-0.41,0.98,-0.23,-6.18,-1.05,-2.02,-0.57,2.10,0.59,1006.30
18.53,-0.41,0.98,-0.23,-6.18,-1.05,-2.02,-0.57,2.10,0.59,1006.30
18.579,-0.41,0.98,-0.23,-2.57,-0.08,-1.46,-0.57,2.10,0.59,1006.30
18.582,-0.47,0.98,-0.47,-2.57,-0.08,-1.46,-0.57,2.10,0.59,1006.30
18.586,-0.47,0.98,-0.47,-2.57,-0.08,-1.46,0.22,1.54,-0.68,1006.30
18.604,-0.47,0.98,-0.47,-2.32,0.32,-2.60,0.22,1.54,-0.68,1006.30
18.653,-0.07,1.17,-0.04,-2.32,0.32,-2.60,0.22,1.54,-0.68,1006.30
18.656,-0.07,1.17,-0.04,-2.32,0.32,-2.60,0.43,-0.09,0.16,1006.30
18.662,-0.07,1.17,-0.04,1.00,2.05,1.62,0.43,-0.09,0.16,1006.30
18.724,-0.62,0.92,0.31,1.00,2.05,1.62,0.43,-0.09,0.16,1006.30
18.731,-0.62,0.92,0.31,1.00,2.05,1.62,0.22,1.88,-0.66,1006.30
18.735,-0.62,0.92,0.31,1.00,2.05,1.62,0.22,1.88,-0.66,1006.31
18.738,-0.62,0.92,0.31,-4.08,-0.49,4.21,0.22,1.88,-0.66,1006.31
18.773,0.13,1.12,-0.26,-4.08,-0.49,4.21,0.22,1.88,-0.66,1006.31
18.778,0.13,1.12,-0.26,-4.08,-0.49,4.21,0.35,0.63,-0.16,1006.31
18.783,0.13,1.12,-0.26,2.78,1.43,-1.03,0.35,0.63,-0.16,1006.31
18.838,-0.10,1.03,-0.09,2.78,1.43,-1.03,0.35,0.63,-0.16,1006.31
18.841,-0.10,1.03,-0.09,2.78,1.43,-1.03,0.38,0.18,-0.01,1006.31
18.845,-0.10,1.03,-0.09,0.30,0.54,0.59,0.38,0.18,-0.01,1006.31
18.881,-0.10,0.99,-0.12,0.30,0.54,0.59,0.38,0.18,-0.01,1006.31
18.883,-0.10,0.99,-0.12,0.30,0.54,0.59,0.32,0.31,-0.11,1006.31
18.885,-0.10,0.99,-0.12,0.30,0.54,0.59,0.32,0.31,-0.11,1006.32
18.928,-0.10,0.99,-0.12,0.20,0.12,0.46,0.32,0.31,-0.11,1006.32
18.973,-0.09,1.00,-0.17,0.20,0.12,0.46,0.32,0.31,-0.11,1006.32
18.976,-0.09,1.00,-0.17,0.20,0.12,0.46,0.23,0.20,-0.11,1006.32
18.978,-0.09,1.00,-0.17,0.23,0.23,0.08,0.23,0.20,-0.11,1006.32
19.019,-0.09,0.99,-0.15,0.23,0.23,0.08,0.23,0.20,-0.11,1006.32
19.021,-0.09,0.99,-0.15,0.23,0.23,0.08,0.13,0.13,-0.09,1006.32
19.023,-0.09,0.99,-0.15,0.17,0.14,0.31,0.13,0.13,-0.09,1006.32
19.089,-0.06,1.00,-0.16,0.17,0.14,0.31,0.13,0.13,-0.09,1006.32
19.095,-0.06,1.00,-0.16,0.17,0.14,0.31,0.07,0.10,-0.16,1006.32
19.096,-0.06,1.00,-0.16,0.17,0.14,0.31,0.07,0.10,-0.16,1006.32
19.102,-0.06,1.00,-0.16,0.48,0.20,0.21,0.07,0.10,-0.16,1006.32
19.136,-0.17,0.97,-0.13,0.48,0.20,0.21,0.07,0.10,-0.16,1006.32
19.139,-0.17,0.97,-0.13,0.48,0.20,0.21,0.06,0.03,-0.09,1006.32
19.142,-0.17,0.97,-0.13,-0.49,-0.03,0.42,0.06,0.03,-0.09,1006.32
19.221,-0.12,0.98,-0.14,-0.49,-0.03,0.42,0.06,0.03,-0.09,1006.32
19.224,-0.12,0.98,-0.14,-0.49,-0.03,0.42,0.06,-0.08,0.05,1006.32
19.226,-0.12,0.98,-0.14,0.08,0.02,0.31,0.06,-0.08,0.05,1006.32
19.24,-0.16,0.90,-0.11,0.08,0.02,0.31,0.06,-0.08,0.05,1006.32
19.244,-0.16,0.90,-0.11,0.08,0.02,0.31,0.04,0.29,0.09,1006.32
19.246,-0.16,0.90,-0.11,0.08,0.02,0.31,0.04,0.29,0.09,1006.32
19.272,-0.16,0.90,-0.11,-0.38,-0.77,0.51,0.04,0.29,0.09,1006.32
19.339,-0.09,0.96,-0.18,-0.38,-0.77,0.51,0.04,0.29,0.09,1006.32
19.342,-0.09,0.96,-0.18,-0.38,-0.77,0.51,0.04,-0.01,0.06,1006.32
19.344,-0.09,0.96,-0.18,0.16,-0.15,-0.13,0.04,-0.01,0.06,1006.32
19.372,-0.09,0.98,-0.13,0.16,-0.15,-0.13,0.04,-0.01,0.06,1006.32
19.374,-0.09,0.98,-0.13,0.16,-0.15,-0.13,0.02,0.10,0.03,1006.32
19.383,-0.09,0.98,-0.13,0.15,0.03,0.38,0.02,0.10,0.03,1006.32
19.461,-0.04,0.95,-0.16,0.15,0.03,0.38,0.02,0.10,0.03,1006.32
19.467,-0.04,0.95,-0.16,0.15,0.03,0.38,0.02,-0.12,0.06,1006.32
19.47,-0.04,0.95,-0.16,0.15,0.03,0.38,0.02,-0.12,0.06,1006.31
19.472,-0.04,0.95,-0.16,0.57,-0.34,0.03,0.02,-0.12,0.06,1006.31
19.506,-0.10,0.96,-0.15,0.57,-0.34,0.03,0.02,-0.12,0.06,1006.31
19.508,-0.10,0.96,-0.15,0.57,-0.34,0.03,0.01,0.01,0.03,1006.31
19.51,-0.10,0.96,-0.15,-0.04,-0.20,0.08,0.01,0.01,0.03,1006.31
19.554,-0.06,0.99,-0.14,-0.04,-0.20,0.08,0.01,0.01,0.03,1006.31
19.556,-0.06,0.99,-0.14,-0.04,-0.20,0.08,-0.01,0.07,-0.02,1006.31
19.567,-0.06,0.99,-0.14,0.26,0.10,0.12,-0.01,0.07,-0.02,1006.31
19.604,-0.09,0.99,-0.14,0.26,0.10,0.12,-0.01,0.07,-0.02,1006.31
19.608,-0.09,0.99,-0.14,0.26,0.10,0.12,-0.02,0.01,-0.02,1006.31
19.609,-0.09,0.99,-0.14,0.26,0.10,0.12,-0.02,0.01,-0.02,1006.30
19.625,-0.09,0.99,-0.14,0.01,0.01,0.09,-0.02,0.01,-0.02,1006.30
19.66,-0.08,1.00,-0.13,0.01,0.01,0.09,-0.02,0.01,-0.02,1006.30
19.663,-0.08,1.00,-0.13,0.01,0.01,0.09,-0.01,0.06,0.01,1006.30
19.739,-0.08,1.00,-0.13,0.14,0.14,0.18,-0.01,0.06,0.01,1006.30
19.741,-0.10,1.02,-0.19,0.14,0.14,0.18,-0.01,0.06,0.01,1006.30
19.744,-0.10,1.02,-0.19,0.14,0.14,0.18,-0.01,-0.01,0.02,1006.30
19.746,-0.10,1.02,-0.19,-0.13,0.33,-0.41,-0.01,-0.01,0.02,1006.30
19.8,-0.04,1.01,-0.11,-0.13,0.33,-0.41,-0.01,-0.01,0.02,1006.30
19.805,-0.04,1.01,-0.11,-0.13,0.33,-0.41,-0.01,0.09,-0.01,1006.30
19.807,-0.04,1.01,-0.11,-0.13,0.33,-0.41,-0.01,0.09,-0.01,1006.31
19.809,-0.04,1.01,-0.11,0.41,0.19,0.29,-0.01,0.09,-0.01,1006.31
19.874,-0.12,0.97,-0.18,0.41,0.19,0.29,-0.01,0.09,-0.01,1006.31
19.877,-0.12,0.97,-0.18,0.41,0.19,0.29,-0.01,0.00,-0.02,1006.31
19.879,-0.12,0.97,-0.18,-0.35,-0.13,-0.40,-0.01,0.00,-0.02,1006.31
19.939,-0.10,0.98,-0.14,-0.35,-0.13,-0.40,-0.01,0.00,-0.02,1006.31
19.943,-0.10,0.98,-0.14,-0.35,-0.13,-0.40,0.01,0.02,-0.00,1006.31
19.945,-0.10,0.98,-0.14,-0.11,-0.10,-0.02,0.01,0.02,-0.00,1006.31
19.98,-0.08,0.98,-0.16,-0.11,-0.10,-0.02,0.01,0.02,-0.00,1006.31
19.984,-0.08,0.98,-0.16,-0.11,-0.10,-0.02,-0.00,0.00,-0.02,1006.31
19.986,-0.08,0.98,-0.16,-0.11,-0.10,-0.02,-0.00,0.00,-0.02,1006.30
19.988,-0.08,0.98,-0.16,0.04,-0.04,-0.18,-0.00,0.00,-0.02,1006.30
20.051,-0.05,0.98,-0.13,0.04,-0.04,-0.18,-0.00,0.00,-0.02,1006.30
20.054,-0.05,0.98,-0.13,0.04,-0.04,-0.18,-0.02,0.25,-0.04,1006.30
20.056,-0.05,0.98,-0.13,0.36,-0.05,0.13,-0.02,0.25,-0.04,1006.30
20.084,-0.12,0.98,-0.15,0.36,-0.05,0.13,-0.02,0.25,-0.04,1006.30
20.087,-0.12,0.98,-0.15,0.36,-0.05,0.13,-0.02,0.16,0.02,1006.30
20.133,-0.12,0.98,-0.15,-0.27,-0.04,-0.06,-0.02,0.16,0.02,1006.30
20.162,-0.09,0.98,-0.15,-0.27,-0.04,-0.06,-0.02,0.16,0.02,1006.30
20.168,-0.09,0.98,-0.15,-0.27,-0.04,-0.06,0.14,-0.32,0.02,1006.30
20.17,-0.09,0.98,-0.15,-0.27,-0.04,-0.06,0.14,-0.32,0.02,1006.30
20.172,-0.09,0.98,-0.15,-0.03,-0.10,-0.06,0.14,-0.32,0.02,1006.30
20.216,-0.11,0.95,-0.13,-0.03,-0.10,-0.06,0.14,-0.32,0.02,1006.30
20.219,-0.11,0.95,-0.13,-0.03,-0.10,-0.06,0.03,-0.28,0.03,1006.30
20.231,-0.11,0.95,-0.13,-0.10,-0.31,0.17,0.03,-0.28,0.03,1006.30
