Participant,Subject,Age,height (cm),gender,weight (kg),injury,level of activity,activity of choice,freq_1,freq_2
olivia_left,1.0,21.0,160.0,Female,66.0,,Moderate,Swimming,0.12863705972434758,0.6871165644171775
olivia_right,1.0,21.0,160.0,Female,66.0,,Moderate,Swimming,0.7368421052631575,0.7368421052631575
nicole_left,2.0,45.0,152.0,Female,54.0,,High,Swimming,1.7770154373927944,0.8659793814432994
nicole_right,2.0,45.0,152.0,Female,54.0,,High,Swimming,0.14457831325301385,0.14457831325301385
tiffany_left,3.0,22.0,156.5,Female,60.0,,Moderate,Running,0.952380952380949,0.1272727272727252
tiffany_right,3.0,22.0,156.5,Female,60.0,,Moderate,Running,1.0135135135135158,0.9607843137254939
clair_left,4.0,20.0,172.7,Female,54.4,,High,Boxing,0.7589158345221101,0.6381766381766383
clair_right,4.0,20.0,172.7,Female,54.4,,High,Boxing,0.7790507364975454,0.6426229508196712
paul_left,5.0,18.0,177.8,Male,90.7,,High,Lacrosse,0.9083215796897051,0.9083215796897051
paul_left,5.0,18.0,177.8,Male,90.7,,High,Lacrosse,0.9083215796897051,0.9083215796897051
kacey_left,6.0,10.0,127.0,Female,26.0,,High,Soccer,1.0445246690734038,0.875
kacey_right,6.0,10.0,127.0,Female,26.0,,High,Soccer,0.9946808510638299,1.6680851063829785
bryan_left,7.0,45.0,177.8,Male,84.8,Back,Moderate,Work,0.8547008547008588,0.8547008547008588
bryan_right,7.0,45.0,177.8,Male,84.8,Back,Moderate,Work,0.8717310087173118,0.7680798004987501
ryan_left,8.0,22.0,185.4,Male,118.0,Knee/meniscus,Moderate,Work,0.8404423380726698,0.7974683544303787
ryan_right,8.0,22.0,185.4,Male,118.0,Knee/meniscus,Moderate,Work,0.8484848484848477,0.8484848484848477
timothy_left,9.0,49.0,177.8,Male,113.0,Knee/meniscus,High,Hiking,0.9405684754521957,0.8682170542635639
timothy_right,9.0,49.0,177.8,Male,113.0,Knee/meniscus,High,Hiking,0.9862174578866778,1.8036809815950932
alex_left,10.0,23.0,178.0,Male,62.0,,Low,Walking,0.20136518771331424,0.13409090909090793
alex_right,10.0,23.0,178.0,Male,62.0,,Low,Walking,0.10260869565217234,0.10260869565217234
sarah_left,11.0,23.0,172.0,Female,54.0,,Low,Walking,0.12986060161408375,2.0792951541850186
sarah_right,11.0,23.0,172.0,Female,54.0,,Low,Walking,0.18153846153845876,0.907692307692308
trevor_left,12.0,22.0,178.0,Male,62.0,,Moderate,Soccer,0.11266709102482508,0.11266709102482508
trevor_right,12.0,22.0,178.0,Male,62.0,,Moderate,Soccer,0.12706389088298664,0.8477011494252835
sage_left,13.0,55.0,162.0,Female,65.0,Back,Low,Sitting,0.27226890756302424,0.24201680672269532
sage_right,13.0,55.0,162.0,Female,65.0,Back,Low,Sitting,1.8389830508474532,0.26271186440678207
thomas_left,14.0,21.0,175.0,Male,60.0,,Moderate,Walking,0.15594713656388137,0.7271126760563362
thomas_right,14.0,21.0,175.0,Male,60.0,,Moderate,Walking,0.1471321695760608,0.5888223552894232
nathan_left,15.0,22.0,178.0,Male,62.0,,Low,Biking,1.8403669724770637,1.8053855569155388
nathan_right,15.0,22.0,178.0,Male,62.0,,Low,Biking,1.7819879187259673,1.7819879187259673
danial_left,16.0,25.0,174.0,Male,62.0,,Low,Walking,0.7594936708860764,0.10144927536232018
danial_right,16.0,25.0,174.0,Male,62.0,,Low,Walking,0.1075544174135743,0.7394366197183118
rebecca_left,17.0,21.0,155.0,Female,58.0,,Moderate,Kickboxing,0.796551724137931,0.7734806629834239
rebecca_right,17.0,21.0,155.0,Female,58.0,,Moderate,Kickboxing,0.8026981450252926,0.8026981450252926
anthony_left,18.0,23.0,177.0,Male,71.0,,Moderate,Soccer,0.796784565916397,0.7583547557840618
anthony_right,18.0,23.0,177.0,Male,71.0,,Moderate,Soccer,1.712156862745097,0.8335949764521189
